company_key,stability_score,region,rating,still_active,duration_days
haringey education partnership,0.0,london,A,True,1041
abi convenience store,12.9,rest_england,A,True,1041
taxmen,0.0,london,A,True,1041
probitas 1492 services,0.0,london,A,False,832
the global returns project,0.0,london,A,True,1041
z rental,0.0,london,A,True,393
zsu transport,12.9,rest_england,A,False,832
kktk2 ltd taro japanese restaurant,0.0,london,A,True,1041
flick tech,0.0,london,A,True,1041
znor group,12.9,rest_england,A,True,566
mettle bond care,12.9,rest_england,A,True,1041
dean group international,12.9,rest_england,A,True,1
squeaks house residential care home,12.9,rest_england,A,False,726
hench nutrition,12.9,rest_england,A,True,1041
square burgers,12.9,rest_england,A,True,467
q chowdhury,0.0,london,A,True,935
goodrich control systems,12.9,rest_england,A,False,294
clarendon studio,12.9,rest_england,A,True,272
westfield lodge care,12.9,rest_england,A,True,393
dba management services uk,12.9,rest_england,A,True,1041
dr vilathgamuwa and partners,0.0,london,A,True,1041
sunlit montessori,0.0,london,A,True,1041
ali commercials,12.9,rest_england,A,True,566
marlborough school,12.9,rest_england,A,True,1041
sari jehan,12.9,rest_england,A,True,935
dgs tech,12.9,rest_england,A,True,1041
david catt spitalfields,0.0,london,A,True,846
edge esports,12.9,rest_england,A,True,1041
sedbergh school,12.9,rest_england,A,True,1041
pilz automation technology lp,12.9,rest_england,A,True,1041
drucegrove,12.9,rest_england,A,True,566
quickstarcleaning,12.9,rest_england,A,True,846
sword technology solutions,12.9,rest_england,A,True,1041
fireblocks uk int l,0.0,london,A,True,1041
blackthorn,12.9,rest_england,A,True,1041
livestockex,12.9,rest_england,A,True,1
monte hotels,12.9,rest_england,A,True,1041
garnett keeler public relations,12.9,rest_england,A,True,566
sparklean ox,12.9,rest_england,A,True,935
the trisaas group,27.8,scotland,A,False,1
ars jewels,12.9,rest_england,A,True,1041
ormiston park academy,12.9,rest_england,A,True,1041
staffing plus,12.9,rest_england,A,True,566
egg free cake box derby2 limited t a cake box,12.9,rest_england,A,True,1041
oasis professional care services,12.9,rest_england,A,True,846
amf furniture,12.9,rest_england,A,True,566
j wilkes paving construction,12.9,rest_england,A,False,1
image cars,12.9,rest_england,A,True,272
global environmental excellence ltd t a genex,12.9,rest_england,A,True,1041
dp dumfries limited ta domino s pizza,12.9,rest_england,A,True,1041
sim caterers ltd t a rara dining,12.9,rest_england,A,True,935
xyz law,12.9,rest_england,A,False,538
lcn capital partners london,0.0,london,A,True,1041
cosimac drytech,12.9,rest_england,A,True,1041
mezo burton limited t a bluebird care,12.9,rest_england,A,False,294
uk pcr,12.9,rest_england,A,False,637
scag foods limited t a namaste mumbai,12.9,rest_england,A,True,1041
omilan productions,27.8,scotland,A,True,747
woodlands nurseries,0.0,london,A,True,1041
272bio,12.9,rest_england,A,True,1041
uk wainh,12.9,rest_england,A,True,1041
crb cunninghams,12.9,rest_england,A,False,832
chingford specsavers,0.0,london,A,True,1
firefinch software,27.8,scotland,A,True,393
nanrose retail,10.4,wales,A,True,1041
acton lane london,0.0,london,A,True,1041
crown home buying,0.0,london,A,True,1041
marvel construct,0.0,london,A,True,747
gateway it solutions,12.9,rest_england,A,True,1041
ravon group,0.0,london,A,True,1
simon astridge architecture workshop,0.0,london,A,True,1
pencombe hall,12.9,rest_england,A,True,1041
traqs consulting,12.9,rest_england,A,True,1041
the gurkha s dine nepalese indian restaurant,12.9,rest_england,A,True,1041
lnt global,12.9,rest_england,A,True,747
children assisted in a real environment,0.0,london,A,True,1041
adam and eesa,12.9,rest_england,A,True,747
eximius live in care,12.9,rest_england,A,True,1041
thivakar navaratnam t as lawns news agent,12.9,rest_england,A,True,1041
andybusiness limited t a subway,12.9,rest_england,A,True,1041
luxurycare regency manor care,12.9,rest_england,A,True,1041
village indian,12.9,rest_england,A,True,1041
tom walters equine vets,12.9,rest_england,A,True,846
st pancras hotel services,0.0,london,A,True,566
phones planet,12.9,rest_england,A,True,747
hsssg services,12.9,rest_england,A,True,566
andras house,14.0,ni,A,True,1041
mkv omega,12.9,rest_england,A,True,1041
applied business academy,0.0,london,A,False,475
n ali,12.9,rest_england,A,True,1041
incode technology uk,12.9,rest_england,A,True,935
p k supermarket,12.9,rest_england,A,True,846
fiber pearl,0.0,london,A,False,195
r k aggarwal,10.4,wales,A,True,935
careplan first,0.0,london,A,False,726
greg kraw trans,12.9,rest_england,A,True,1041
auto clinic high wycombe,12.9,rest_england,A,True,1041
stoke24 ltd blurton dental centre,12.9,rest_england,A,True,1
gorilla vapes,0.0,london,A,True,935
vigo lane,27.8,scotland,A,True,566
great escape games,12.9,rest_england,A,True,747
masafina,12.9,rest_england,A,True,272
care cover 24 7,12.9,rest_england,A,True,1041
the hamptons care centre,12.9,rest_england,A,True,1041
aerotech,12.9,rest_england,A,True,467
en route it rpm office,0.0,london,A,True,1041
streethub ltd trading as trouva,0.0,london,A,False,648
viasat world,0.0,london,A,True,1041
dilraj limited company ltd t a dilraj indian takeaway,12.9,rest_england,A,True,1041
dorchesteruk,12.9,rest_england,A,True,846
m s ceramics,12.9,rest_england,A,False,726
hyde global,0.0,london,A,True,1041
supremacy care services,12.9,rest_england,A,True,1041
lk food trading,12.9,rest_england,A,False,574
seymul,0.0,london,A,True,1041
mirador worldwide,27.8,scotland,A,False,475
nadsar ltd t a river walk cafe the pipemakers arms,12.9,rest_england,A,False,354
bridge uk,0.0,london,A,True,1041
techflow marine,12.9,rest_england,A,True,272
desserts hub limited t a heavenly desserts,0.0,london,A,True,393
penhill food and wine,12.9,rest_england,A,True,935
john bull convenience store,12.9,rest_england,A,True,393
kent security services,0.0,london,A,True,747
farra marine uk,12.9,rest_england,A,True,1041
haines watts farnborough,12.9,rest_england,A,True,1041
house of cars oldham,12.9,rest_england,A,False,379
security group services,12.9,rest_england,A,True,1041
eva actuarial accounting consultants,12.9,rest_england,A,False,574
ibosa properties uk,0.0,london,A,True,1041
athelstanone pty,12.9,rest_england,A,True,846
basalt infrastructure partners,0.0,london,A,True,1041
noora foods limited t a mango tree indian takeaway,12.9,rest_england,A,True,747
k a logistics,12.9,rest_england,A,True,1
the health lottery,0.0,london,A,True,393
share advertising,0.0,london,A,False,832
approach studio,0.0,london,A,True,566
tech people managed services,12.9,rest_england,A,True,747
vehicle damage assessors,12.9,rest_england,A,True,935
digitease business solutions,12.9,rest_england,A,True,1
cellderma,12.9,rest_england,A,True,393
raja meat store,12.9,rest_england,A,True,935
chicka limited t a chicka,12.9,rest_england,A,True,747
jaleshvar,12.9,rest_england,A,False,354
neurogears,0.0,london,A,True,1041
edinburgh festival ballet school,27.8,scotland,A,True,1041
i grunwerg,12.9,rest_england,A,True,935
mox london,0.0,london,A,True,1041
mouna s kitchen,0.0,london,A,True,393
mirons newsagents,12.9,rest_england,A,True,846
cams trading,12.9,rest_england,A,True,935
afr capital,12.9,rest_england,A,False,648
cardiff cruises,12.9,rest_england,A,True,1041
business insights private,12.9,rest_england,A,True,1041
beach hut cafe,12.9,rest_england,A,True,1041
holmen iggesund paperboard,12.9,rest_england,A,False,574
sp food mart,12.9,rest_england,A,True,393
hibiki,27.8,scotland,A,True,935
eco sports,0.0,london,A,True,935
sebbin uk,12.9,rest_england,A,False,648
oplog uk,0.0,london,A,True,747
seven sisters,12.9,rest_england,A,True,1041
omniac pharmconsult,12.9,rest_england,A,True,566
firstcare practice,12.9,rest_england,A,True,1041
awan brothers ltd t a stepping stones self service,12.9,rest_england,A,True,1041
streat motor services limited t a streat motors,12.9,rest_england,A,True,1041
newgen talent,0.0,london,A,True,393
affirmative investment management partners,0.0,london,A,False,106
hsa buildings,12.9,rest_england,A,True,935
global healthcare solutions,12.9,rest_england,A,True,935
care centre,12.9,rest_england,A,True,393
penn surgery,12.9,rest_england,A,True,1041
surecare hillingdon,0.0,london,A,True,1041
the portland hospital,0.0,london,A,True,1041
muduk restaurant,12.9,rest_england,A,True,935
stoneyford sc,12.9,rest_england,A,True,1041
joj powell partners,10.4,wales,A,True,1041
siemens holdings plc including siemens,12.9,rest_england,A,True,1041
the queen s foundation for ecumenical theological education,12.9,rest_england,A,True,1041
jjh3 ltd t a sweet aldridge,12.9,rest_england,A,True,747
smile link dental,12.9,rest_england,A,True,393
layanson pharma,12.9,rest_england,A,True,747
chandlers forecourt limited t a bp,12.9,rest_england,A,False,648
loud mouth media,14.0,ni,A,True,1
dkk exchange store,10.4,wales,A,True,1041
kalash limited t a everest tandoori,12.9,rest_england,A,True,1041
memon services limited t a naan staap tooting,0.0,london,A,True,846
labaton keller sucharow uk,0.0,london,A,True,1
frenix,12.9,rest_england,A,True,393
team locum,12.9,rest_england,A,True,1041
unbridled scotland,27.8,scotland,A,True,935
tetra technologies uk,27.8,scotland,A,True,1
jawaby property investment,0.0,london,A,False,574
torriad farms,10.4,wales,A,True,467
pendennis care home,12.9,rest_england,A,True,1041
i fix all,0.0,london,A,False,1
cloudnine it services,12.9,rest_england,A,True,1041
skypurple cloud,12.9,rest_england,A,True,1041
newton dee camphill community,27.8,scotland,A,True,1041
jai arhi,12.9,rest_england,A,True,747
design innovation,12.9,rest_england,A,True,1041
silver cloud hr,12.9,rest_england,A,True,1041
polymer logistics scotland,12.9,rest_england,A,True,566
edinburgh designs,27.8,scotland,A,True,1041
dawat tooting,0.0,london,A,True,747
bank leumi uk,0.0,london,A,False,1
urban quaters,12.9,rest_england,A,False,832
plasmotec,12.9,rest_england,A,True,566
azo network uk,12.9,rest_england,A,True,1041
littlemoor minimarket ltd t a green food and wine,12.9,rest_england,A,True,846
aiam limited t a ariana pharmacy,12.9,rest_england,A,True,1041
l g woodgate,12.9,rest_england,A,True,1041
bridge academy trust,12.9,rest_england,A,True,1041
gts services uk,12.9,rest_england,A,True,1041
j j service retail,12.9,rest_england,A,True,846
cordusio,12.9,rest_england,A,True,1041
response epr,12.9,rest_england,A,True,1041
mavens consulting,0.0,london,A,True,1041
queens lytham,12.9,rest_england,A,True,1041
canton discount,10.4,wales,A,True,747
chime social enterprise,12.9,rest_england,A,False,769
bengal foods,12.9,rest_england,A,True,747
grainflow operations,0.0,london,A,True,393
gnaw chocolate,12.9,rest_england,A,True,1041
aladdins cat ltd t a aladdins,12.9,rest_england,A,True,747
billesley manor hotel,12.9,rest_england,A,True,1041
time and space media,12.9,rest_england,A,True,1041
thurmaston dental practice,12.9,rest_england,A,True,1041
re boot care services,12.9,rest_england,A,True,846
blakesley convenience store,12.9,rest_england,A,True,935
oxford rf solutions,12.9,rest_england,A,True,846
aj impex,27.8,scotland,A,True,846
liberton medical group,27.8,scotland,A,True,935
meharunnisa,12.9,rest_england,A,True,846
blyth collinson interiors,0.0,london,A,True,272
aberdeen business,12.9,rest_england,A,True,935
bringo group,0.0,london,A,True,1041
barcode design,12.9,rest_england,A,True,1041
william drake,12.9,rest_england,A,True,935
studio zna,0.0,london,A,True,935
tate company architects,0.0,london,A,True,1041
adamson knight,0.0,london,A,True,1041
response informatics uk,12.9,rest_england,A,False,280
cutfield freeman,0.0,london,A,True,1041
bulkhaul,12.9,rest_england,A,True,1041
maybush stores,12.9,rest_england,A,True,747
mhr international uk,12.9,rest_england,A,True,1041
gonville and caius college,12.9,rest_england,A,True,1041
kamalamuthu arulprasandh t as a k food wine,12.9,rest_england,A,True,1041
mj logistics leicester,12.9,rest_england,A,True,1041
jasmine healthcare,12.9,rest_england,A,True,1041
wso2 uk,0.0,london,A,True,1041
eastern airways uk,12.9,rest_england,A,False,832
thornton day nursery,12.9,rest_england,A,True,1041
bms heavy cranes uk,12.9,rest_england,A,True,1041
rivia property management,12.9,rest_england,A,True,846
elysian claims,12.9,rest_england,A,True,566
clubcom international,0.0,london,A,True,1
scx special projects,12.9,rest_england,A,True,1041
primacare surgeries,12.9,rest_england,A,True,1041
wysepower,12.9,rest_england,A,False,1
one sightsolutions,12.9,rest_england,A,True,467
micasa property services limited t a micasa,12.9,rest_england,A,True,1041
acupay system llc,0.0,london,A,False,648
sj inventure,12.9,rest_england,A,True,1041
anmore,12.9,rest_england,A,True,272
fortblane ltd t a mr singh s india gate,12.9,rest_england,A,False,195
triple d nursing homecare,12.9,rest_england,A,False,195
novnat tech,12.9,rest_england,A,True,467
bagi convenience uk,12.9,rest_england,A,True,209
insight britain,12.9,rest_england,A,False,726
apple pharmacy,27.8,scotland,A,True,467
hd desserts limited t a heavenly desserts,12.9,rest_england,A,False,832
weld it southall,12.9,rest_england,A,True,935
nuvven,27.8,scotland,A,True,1041
skolaz educational services,12.9,rest_england,A,True,1
clc contractors,12.9,rest_england,A,True,566
charlotte s cloud,0.0,london,A,True,747
westgate healthcare aylesbury,12.9,rest_england,A,True,1041
trutify,12.9,rest_england,A,False,1
marston holdings,12.9,rest_england,A,True,1041
within design,0.0,london,A,True,1041
waystone compliance solutions uk,12.9,rest_england,A,True,1041
stena drilling,27.8,scotland,A,True,1041
e j oriental supermarket,12.9,rest_england,A,True,846
mmgy global uk holding,0.0,london,A,True,935
360 brand group,12.9,rest_england,A,True,846
fenwick healthcare staffing,0.0,london,A,False,538
hard rock cafe edinburgh,0.0,london,A,True,1041
i stools,12.9,rest_england,A,True,846
explicit care solutions,0.0,london,A,False,648
bostico international,12.9,rest_england,A,True,1041
avione saving investment,12.9,rest_england,A,True,1041
grovebridge group,0.0,london,A,False,1
buildots uk,12.9,rest_england,A,True,1041
phone direct,12.9,rest_england,A,True,747
pegasus planning group,0.0,london,A,True,1041
kois uk,0.0,london,A,True,1041
electronic information directline,0.0,london,A,True,1041
ray and sons convenience store,12.9,rest_england,A,True,272
destiny hope care services,12.9,rest_england,A,False,769
first click solutions,12.9,rest_england,A,True,1041
renishaw,12.9,rest_england,A,True,1041
premier retail stores,10.4,wales,A,True,1041
vnl trading,12.9,rest_england,A,True,1
change8,12.9,rest_england,A,True,1041
industrial technology systems,12.9,rest_england,A,True,1041
lionbridge software,0.0,london,A,False,99
homeclean aberdeen,27.8,scotland,A,True,935
care consult id,12.9,rest_england,A,True,1041
g a stevenson,12.9,rest_england,A,True,1041
the oxford cat clinic,12.9,rest_england,A,True,272
britannia house dental surgery,10.4,wales,A,True,467
westgate executive chauffeurs,12.9,rest_england,A,True,935
ppvs ppv solutions,12.9,rest_england,A,True,566
gpi contractors,12.9,rest_england,A,True,1041
shiloz services,12.9,rest_england,A,True,1041
rural care,12.9,rest_england,A,True,1
safancy,12.9,rest_england,A,True,1041
nexus frontier tech,0.0,london,A,True,1041
growthcurve,0.0,london,A,True,566
divido financial services,0.0,london,A,False,769
jeeves healthcare,12.9,rest_england,A,True,393
software alliance services,12.9,rest_england,A,True,935
tmsg ltd t a tucare,12.9,rest_england,A,True,1
yusuf patel,12.9,rest_england,A,True,566
lpa group,12.9,rest_england,A,True,566
sirens design,0.0,london,A,True,1041
uncommon bio,12.9,rest_england,A,True,1
uppum mulakum,12.9,rest_england,A,True,272
opulent eatery,12.9,rest_england,A,True,1041
ergotec health,0.0,london,A,True,209
novada cement uk,12.9,rest_england,A,True,1
ls electrix,12.9,rest_england,A,True,1041
universal design studio,0.0,london,A,True,1041
msm 90,12.9,rest_england,A,True,747
ribblesdale medical practice,12.9,rest_england,A,True,1041
lothar bohm associates,0.0,london,A,True,1041
globaltic,12.9,rest_england,A,True,1041
bayerische landesbank,0.0,london,A,True,1041
innova care concepts,12.9,rest_england,A,True,1041
your dignified care,12.9,rest_england,A,True,1041
mumbai wokingham,12.9,rest_england,A,True,935
wcn care,12.9,rest_england,A,True,1041
enbw uk,0.0,london,A,True,1041
gulbarhar hussain t a punjab balti house,12.9,rest_england,A,True,846
egality,0.0,london,A,True,566
ozlu 27 ltd t a mezze bar and grill,12.9,rest_england,A,True,846
axa uk,0.0,london,A,True,1041
brunei,12.9,rest_england,A,True,467
ministry of marketing,0.0,london,A,True,935
tende energy,0.0,london,A,True,1041
secureway training,12.9,rest_england,A,True,747
dr smile,12.9,rest_england,A,True,1
zakariya tradings,27.8,scotland,A,True,846
old plaza,12.9,rest_england,A,True,846
artistry production,0.0,london,A,True,935
exa infrastructure uk,0.0,london,A,True,747
windlesham house school t a the malden trust,12.9,rest_england,A,False,832
quick bargains,12.9,rest_england,A,True,747
welford bidco 5,12.9,rest_england,A,False,832
shabanabanu mustafa t a fish port,12.9,rest_england,A,True,935
free accountancy,12.9,rest_england,A,True,272
the boxoffice company glasgow,27.8,scotland,A,True,393
machrie golf links and hotel limited t a the machrie hotel golf links,27.8,scotland,A,True,1041
synthesis studio,0.0,london,A,True,1041
ds forecourt,12.9,rest_england,A,True,1041
manicay,12.9,rest_england,A,True,846
pluxee uk,12.9,rest_england,A,True,747
parrock dental and implant centres,12.9,rest_england,A,True,1041
crown couriers,12.9,rest_england,A,True,846
waita natural,0.0,london,A,True,272
integra contracts,12.9,rest_england,A,True,1041
beavertown brewery,0.0,london,A,True,1041
quantum clothing group,12.9,rest_england,A,True,566
birds and animals uk,12.9,rest_england,A,True,566
acteon group operations uk,12.9,rest_england,A,True,747
egg free cake inn bradford limited t a cake inn,12.9,rest_england,A,True,935
ediscovery uk,12.9,rest_england,A,True,1041
stageworks productions,0.0,london,A,False,188
easy healthcare yorkshire,12.9,rest_england,A,True,1041
cafe form ltd t a the highlander inn,12.9,rest_england,A,True,1041
the roxton practice,12.9,rest_england,A,True,1041
e a hogben,12.9,rest_england,A,True,1041
ennismore fund management,0.0,london,A,True,1041
primarysite,12.9,rest_england,A,False,106
uk angel records entertainment,12.9,rest_england,A,True,1041
momencraft,12.9,rest_england,A,True,1041
ode asset management,12.9,rest_england,A,True,566
jasotharan panchalingam t a bedfont chicken and pizza,12.9,rest_england,A,True,935
salisbury and romsey care,12.9,rest_england,A,True,1041
royal museums greenwich,0.0,london,A,True,209
infomed pharma,12.9,rest_england,A,True,566
carer house ltd trading as choice living,12.9,rest_england,A,False,832
karno sound,0.0,london,A,True,393
papillon europe,12.9,rest_england,A,True,1041
ziton,0.0,london,A,True,1
manjil ltd t a the guljar tandoori,12.9,rest_england,A,True,747
jo cowen architects,0.0,london,A,True,1041
ness global services,0.0,london,A,True,1041
qasim enterprise ltd t a smart cabs norwich,12.9,rest_england,A,True,747
white label beauty,0.0,london,A,True,566
barnet carers centre,0.0,london,A,True,467
dentons global advisors uk,0.0,london,A,False,294
ziyad tech,0.0,london,A,True,1041
budget energy,0.0,london,A,True,747
fife business consultants,27.8,scotland,A,True,1041
vl digital,12.9,rest_england,A,True,1041
diversity health and social care,12.9,rest_england,A,False,294
restaurante sergio,12.9,rest_england,A,True,1041
atolls london,0.0,london,A,True,272
mckinnon harris uk,0.0,london,A,True,393
ruby chinese,12.9,rest_england,A,False,1
j g porter contractors,12.9,rest_england,A,True,393
glebe medical practice,12.9,rest_england,A,True,566
europtima europe,12.9,rest_england,A,True,566
recursion london,0.0,london,A,True,566
thamestone,0.0,london,A,True,1041
spilsby surgery,12.9,rest_england,A,True,566
malaysia airlines berhad,0.0,london,A,True,1041
techwass consulting,12.9,rest_england,A,True,1041
brooks estate agents,0.0,london,A,True,846
gravitiq uk holding,12.9,rest_england,A,True,1041
the coriander basildon,12.9,rest_england,A,True,747
quastels,0.0,london,A,True,1041
allenby heating plumbing,12.9,rest_england,A,True,1041
aadamson house care home,12.9,rest_england,A,True,1041
knight dragon developments,0.0,london,A,True,1041
mediaocean systems,0.0,london,A,True,1041
inventure putney ltd t a best one,0.0,london,A,True,1041
foods connected,12.9,rest_england,A,True,1
skdp uk,12.9,rest_england,A,True,1041
duchy veterinary,12.9,rest_england,A,True,935
macrobond financial,0.0,london,A,True,1041
pocket intelligence,12.9,rest_england,A,True,1041
nail base london,0.0,london,A,False,574
patel taylor architects,0.0,london,A,True,1041
ttuc,12.9,rest_england,A,True,1041
titan express uk ltd t a bridge street stores,10.4,wales,A,True,846
euro digital print,0.0,london,A,True,1041
supreme drive,0.0,london,A,True,1041
tamarind care,12.9,rest_england,A,True,1
aura technical services,12.9,rest_england,A,True,272
serene surroundings,0.0,london,A,True,1041
nimbus it solutions,12.9,rest_england,A,True,1041
belhati consulting services,12.9,rest_england,A,True,1041
laverstoke park produce llp t a laverstoke park farm,12.9,rest_england,A,True,1041
itil limited trading as incite insight,12.9,rest_england,A,True,1041
archdiocese of cardiff menevia,10.4,wales,A,True,209
cdl group holdings,12.9,rest_england,A,True,1041
cls airline supplies,0.0,london,A,True,1041
expro north sea,27.8,scotland,A,True,1041
gainsborough hotel bath,12.9,rest_england,A,True,1041
kwg property uk holdings,0.0,london,A,False,648
ab spice,12.9,rest_england,A,True,747
matthias garn master mason partner,12.9,rest_england,A,True,1041
p p palomo properties,12.9,rest_england,A,True,935
butterflycannon,0.0,london,A,True,467
booking whizz,12.9,rest_england,A,True,846
cundall johnston partners,12.9,rest_england,A,True,1041
all4one services,12.9,rest_england,A,False,542
my ride,12.9,rest_england,A,True,1041
carradale futures horizon,0.0,london,A,True,846
fireguard global,12.9,rest_england,A,True,1041
napoli stores,0.0,london,A,True,1041
ages ago,12.9,rest_england,A,True,846
aldgate east cash carry,0.0,london,A,True,566
stanborough school,12.9,rest_england,A,True,1041
ollier smurthwaite architects,12.9,rest_england,A,True,1041
kb sports hub,12.9,rest_england,A,True,747
btc capital markets,0.0,london,A,True,272
eithad developers,12.9,rest_england,A,True,467
limes fenton,12.9,rest_england,A,True,1041
alquity investment management,0.0,london,A,True,1041
solution business consulting,12.9,rest_england,A,True,846
veena import and export,12.9,rest_england,A,True,935
shiva aum ltd t as news box,12.9,rest_england,A,True,1041
sikh academies trust,12.9,rest_england,A,True,747
dude hub,0.0,london,A,True,747
aream group,0.0,london,A,True,1041
harland wolff belfast,14.0,ni,A,False,648
gravity care services,12.9,rest_england,A,True,1041
shivansh enterprise,0.0,london,A,True,935
pearl uk transports,12.9,rest_england,A,True,566
cumberland electrochemical,12.9,rest_england,A,True,935
gulfstream aerospace,12.9,rest_england,A,True,1041
physio answers,0.0,london,A,True,272
allsop consulting,14.0,ni,A,True,1041
formosa asset management,12.9,rest_england,A,True,272
onsite support,12.9,rest_england,A,True,935
red roofs midlands,12.9,rest_england,A,True,1041
drugsrus,12.9,rest_england,A,True,1041
binboga,12.9,rest_england,A,True,393
w and s london limited t a goboat london,0.0,london,A,False,1
qa test professionals,10.4,wales,A,True,1041
digi4u,10.4,wales,A,True,1041
mash lift installation,0.0,london,A,True,1041
international development enterprises ide uk,0.0,london,A,False,637
butterfly engineering,14.0,ni,A,False,832
pff dartford,12.9,rest_england,A,True,566
primestock meats,12.9,rest_england,A,True,935
london economics,0.0,london,A,True,1041
camdenpick neo,12.9,rest_england,A,True,393
creative marketing nw,12.9,rest_england,A,True,1041
m3 eu,12.9,rest_england,A,True,1041
iceberg ideas,12.9,rest_england,A,True,1041
beth ezra trust,0.0,london,A,True,1041
caring feathers,0.0,london,A,True,1041
cjaj angels supporting living,12.9,rest_england,A,True,1041
semiwise,27.8,scotland,A,True,272
hughes fowler carruthers,0.0,london,A,False,832
milam london,0.0,london,A,True,272
desirol,12.9,rest_england,A,True,566
nt traders,12.9,rest_england,A,True,846
ezi technology,12.9,rest_england,A,True,393
carden park hotel,12.9,rest_england,A,True,1041
enterprise system solutions,12.9,rest_england,A,True,1041
vp av,12.9,rest_england,A,True,1041
ssa delights,12.9,rest_england,A,True,566
evoshave,0.0,london,A,False,574
the appleton school,12.9,rest_england,A,True,1041
secret world wildlife rescue,12.9,rest_england,A,True,272
paperplanes global,0.0,london,A,True,467
i s o d t,0.0,london,A,False,574
24sq,0.0,london,A,True,1041
accor luxury uk,0.0,london,A,True,566
foree market,12.9,rest_england,A,True,846
interactive health,27.8,scotland,A,True,1041
newsome,12.9,rest_england,A,True,393
ascheri partners,0.0,london,A,True,1041
elmrose ltd t a lorne restaurant,0.0,london,A,True,1041
praesidio safeguarding,12.9,rest_england,A,True,846
art and science uk,0.0,london,A,True,566
briggs amasco,12.9,rest_england,A,True,1041
make me feel,0.0,london,A,True,1041
khushi international uk,12.9,rest_england,A,True,935
knorr bremse rail systems uk,12.9,rest_england,A,True,393
misoft marketing,12.9,rest_england,A,True,1041
grm energy,12.9,rest_england,A,True,272
the olive tree by carnicero,12.9,rest_england,A,True,1041
twinkle twinkle red star,12.9,rest_england,A,True,1041
gdk software,12.9,rest_england,A,True,1041
finman group uk,12.9,rest_england,A,True,935
chilli grille ltd t a chilli grille evoo the kebab factory mexigo,12.9,rest_england,A,True,1041
britannica business systems,12.9,rest_england,A,False,354
suffolk primary care,12.9,rest_england,A,True,1041
ultimate care ltd t a bilton hall nursing home,12.9,rest_england,A,True,1041
spice hub caterers,12.9,rest_england,A,True,935
bluark construction,12.9,rest_england,A,True,1041
east durham signs,12.9,rest_england,A,True,935
aliizor ltd t a lizor care concept,12.9,rest_england,A,True,1041
med media group,12.9,rest_england,A,True,1
wok bruvvas,12.9,rest_england,A,False,542
abr pizzeria limited t a castle bistro,10.4,wales,A,True,1041
the real wrap,12.9,rest_england,A,False,475
the eden academy,12.9,rest_england,A,True,1041
the dentalist,12.9,rest_england,A,True,566
apxcel freight services,12.9,rest_england,A,True,1041
libas and more,12.9,rest_england,A,True,747
bg e consulting engineers,0.0,london,A,True,1041
interactive software,12.9,rest_england,A,True,209
sr grandad,12.9,rest_england,A,True,566
idre esia food store,27.8,scotland,A,True,935
berry maple,0.0,london,A,True,272
telit communications,0.0,london,A,True,1041
capernaum,12.9,rest_england,A,True,1041
albion chambers,12.9,rest_england,A,True,1041
jeniii ltd t a esso,12.9,rest_england,A,True,1041
dfh mk motors ltd t a ideal carz,12.9,rest_england,A,True,566
imranz takeaway,12.9,rest_england,A,True,846
ukz services,12.9,rest_england,A,True,1041
mien tay kingsland ltd t a mien tay,0.0,london,A,True,935
master fryer,12.9,rest_england,A,True,1041
the chaseley trust,12.9,rest_england,A,True,1041
weston stores ltd t a weston convenience store,12.9,rest_england,A,True,1041
green range ltd t a the willows care home,0.0,london,A,True,1041
fortis security services,12.9,rest_england,A,True,393
abell,0.0,london,A,True,846
iea environmental projects,12.9,rest_england,A,True,1041
mitchell s newsagent t a costcutter,12.9,rest_england,A,True,1041
selling united,0.0,london,A,True,846
tailors of deansgate,12.9,rest_england,A,True,747
lee house surgery,12.9,rest_england,A,True,1041
mace consult,0.0,london,A,True,1
harikrishna beverages ltd t a mooboo bubble tea,12.9,rest_england,A,True,1041
the rufina childrens foundation,12.9,rest_england,A,False,726
anvil analytical,0.0,london,A,True,1041
ec aylesbury kingsbrooks ltd ta esquires coffee,12.9,rest_england,A,True,566
angie s london,0.0,london,A,True,747
fugen uk,12.9,rest_england,A,True,935
sunny double glazing,12.9,rest_england,A,True,1041
vi360,0.0,london,A,True,935
datastax uk,0.0,london,A,False,832
quantum i computing,0.0,london,A,True,1041
gold look ltd t a ashiana,12.9,rest_england,A,False,648
couchbase,0.0,london,A,True,1041
curzon street dental practice,12.9,rest_england,A,True,1041
the wiltshire chilli farm,12.9,rest_england,A,True,1041
f f estates,12.9,rest_england,A,True,935
handa construction london,12.9,rest_england,A,True,846
imperial trades and projects,12.9,rest_england,A,True,1041
little angels day nursery pre prep school highbury,0.0,london,A,True,1041
creedy carver,12.9,rest_england,A,True,1041
harvey and london ltd t a the osteopaths,12.9,rest_england,A,True,1041
alphanove consultancy,0.0,london,A,True,1041
hobson square,12.9,rest_england,A,True,1041
unionpay international co ltd uk branch,0.0,london,A,True,1041
zhangji oriental food,12.9,rest_england,A,True,1041
anima residential care,12.9,rest_england,A,True,467
xlrt,12.9,rest_england,A,True,846
gbu care support services,12.9,rest_england,A,False,1
invisionapp uk,0.0,london,A,False,769
uunited home improvements,12.9,rest_england,A,True,935
nice and solid,0.0,london,A,True,272
worthing rugby football club,12.9,rest_england,A,True,1041
xtb,0.0,london,A,True,566
rocket joe s pizza,10.4,wales,A,False,195
grosvenor farms,12.9,rest_england,A,False,832
dynamic force guarding,12.9,rest_england,A,True,747
ellora solihull ltd t a ellora curry centre,12.9,rest_england,A,True,272
evolving care,12.9,rest_england,A,True,1041
i v care,12.9,rest_england,A,True,846
noah pvt,0.0,london,A,True,747
fox cooling,0.0,london,A,True,209
stacklok uk,0.0,london,A,True,209
trimz house barbers,12.9,rest_england,A,True,1041
mr jahan zaib t a zaib hair kutz,12.9,rest_england,A,True,935
imad sarafi,12.9,rest_england,A,True,1041
school of business and management,0.0,london,A,True,272
greatway t c,0.0,london,A,False,663
james wigg group practice,0.0,london,A,True,1041
i transport and logistics,0.0,london,A,True,935
alfor aviation and technical services,12.9,rest_england,A,True,272
ihi care services,12.9,rest_england,A,True,1041
ascent digital services uk,12.9,rest_england,A,True,846
jessica mccormack,0.0,london,A,True,1041
pathfinders care ollerton,12.9,rest_england,A,True,1041
elizabeth hadeed,0.0,london,A,True,272
chacha chai holding,12.9,rest_england,A,False,832
oaka vending uk,27.8,scotland,A,True,209
genius within cic,12.9,rest_england,A,True,566
birmingham heating,12.9,rest_england,A,True,1041
link marketing,12.9,rest_england,A,True,846
catering cleaning solutions,0.0,london,A,True,935
cashlong group,0.0,london,A,True,1041
shree sai trading,12.9,rest_england,A,True,1041
rdc aviation,12.9,rest_england,A,True,1041
alpha security industries,12.9,rest_england,A,True,846
sismek,12.9,rest_england,A,True,1041
sizzle cream,12.9,rest_england,A,True,846
brian mackenow,12.9,rest_england,A,True,1
aeh innovative hydrogel,12.9,rest_england,A,True,1041
gunning transmission distribution services,12.9,rest_england,A,False,538
alitu podcasting,27.8,scotland,A,False,832
multiconsult uk,12.9,rest_england,A,True,1041
the soak bar grill,12.9,rest_england,A,True,747
cat uk services,12.9,rest_england,A,True,1041
rajdhani express,12.9,rest_england,A,True,1041
onlyus enterprises uk,12.9,rest_england,A,True,935
visual data media services,0.0,london,A,True,1041
ty derwen,10.4,wales,A,True,1
welcome support services,12.9,rest_england,A,False,258
dnp hospitality ltd t a gurkha durbaar,12.9,rest_england,A,True,1041
marium jeelani,0.0,london,A,True,747
ktmp uk,12.9,rest_england,A,True,566
gemstone it services,12.9,rest_england,A,True,566
drivvn,12.9,rest_england,A,True,566
lastpass uk,0.0,london,A,True,935
wright wright architects,0.0,london,A,True,1041
f a firman glass projects,12.9,rest_england,A,True,566
nilo company t a shalford village stores,12.9,rest_england,A,True,846
a k software house,12.9,rest_england,A,True,566
boss energy consulting,0.0,london,A,True,747
nanoit solutions,12.9,rest_england,A,True,1041
reach studios,12.9,rest_england,A,True,467
hypha partners,0.0,london,A,True,467
ak hot pizza 4 u,0.0,london,A,True,747
bitterne park school,12.9,rest_england,A,True,1041
lindley adams,12.9,rest_england,A,True,1041
malvern st james,12.9,rest_england,A,False,648
st davids care home,0.0,london,A,False,379
traders digital marketing,12.9,rest_england,A,True,1041
brimstone site investigation,12.9,rest_england,A,True,747
cip fs uk,12.9,rest_england,A,True,1
genetix research,0.0,london,A,False,538
aw pvt ltd t a ameen butchers groceries,0.0,london,A,True,272
hilton and moss sportscars,12.9,rest_england,A,True,393
midea home appliances uk,12.9,rest_england,A,True,1041
wordsmith ai,0.0,london,A,True,846
cloudbees uk,0.0,london,A,True,1
m lange ltd t a salut,0.0,london,A,True,1041
barrack lane medical centre,12.9,rest_england,A,True,1041
equal force security services,12.9,rest_england,A,True,1041
uttapam uk,12.9,rest_england,A,False,832
mr muhammad zubair t a day today govan grocer,27.8,scotland,A,True,747
laxmi m cr,12.9,rest_england,A,False,832
wigmore primary school,12.9,rest_england,A,True,272
coffee tw15,12.9,rest_england,A,True,467
sky touch windows glazing,12.9,rest_england,A,False,574
leo laboratories,12.9,rest_england,A,True,1041
the mobile world traders ltd t a the mobile world,12.9,rest_england,A,True,935
reading halal chinese ltd t a wan choi,12.9,rest_england,A,True,935
minhoco 21,12.9,rest_england,A,True,467
semtech,12.9,rest_england,A,True,1041
smiles4ever limited t a enhance dental centre,12.9,rest_england,A,True,1
asmita associates,0.0,london,A,True,1041
don construction products,12.9,rest_england,A,True,1041
campbell industrial products,12.9,rest_england,A,True,1
bandstand uk,0.0,london,A,True,1041
lakeside medical practice,12.9,rest_england,A,True,1041
bobbys news agents,12.9,rest_england,A,True,1
mr s kogulavarathan t a premier krates convenience store,12.9,rest_england,A,True,1041
ambient green,12.9,rest_england,A,True,566
tividale fish bar,12.9,rest_england,A,False,726
rtl adalliance,0.0,london,A,True,209
horizonte minerals,0.0,london,A,False,648
vintura uk,12.9,rest_england,A,True,1041
horizon nexus consultants,12.9,rest_england,A,False,181
cads,12.9,rest_england,A,True,1041
dubarry technology,12.9,rest_england,A,True,467
the henley college,12.9,rest_england,A,True,209
vaibhav it solutions,12.9,rest_england,A,True,747
director first insolvency,12.9,rest_england,A,True,1
m l homes,0.0,london,A,True,1041
bb leicester,12.9,rest_england,A,False,726
grw retail,12.9,rest_england,A,True,747
digicom east london,0.0,london,A,True,1041
africa practice,12.9,rest_england,A,True,1041
lcuk artists,0.0,london,A,True,393
cloud galacticos,0.0,london,A,True,1041
marigold and mango,12.9,rest_england,A,True,467
lintonmar,27.8,scotland,A,False,195
great homer street medical centre,12.9,rest_england,A,True,935
sk oldbury ltd t a papa johns,12.9,rest_england,A,True,935
savelow limited trading as uplands news and uplands newsagents,10.4,wales,A,True,467
nexus terra,0.0,london,A,False,1
aviareps uk,0.0,london,A,True,1041
mccarthy stone retirement lifestyles,12.9,rest_england,A,True,1041
mera international,0.0,london,A,False,106
bc partners,0.0,london,A,True,1041
pak food express,12.9,rest_england,A,False,294
oate 2006,12.9,rest_england,A,True,935
dynaliner,0.0,london,A,True,1041
holy cow putney limited t a holy cow,0.0,london,A,True,1041
maserati gb,12.9,rest_england,A,True,747
uk ems events,0.0,london,A,True,1041
apex associates,12.9,rest_england,A,True,1041
varuna bagno ltd t a varuna bagno tiles,12.9,rest_england,A,True,1041
wise pharmacies,12.9,rest_england,A,True,1041
bowerbird consulting,12.9,rest_england,A,True,846
rugs4decor,12.9,rest_england,A,False,294
westbourne grove church,0.0,london,A,True,1
yarn market hotel,12.9,rest_england,A,True,1041
barton place,12.9,rest_england,A,True,1041
global equipment spares,0.0,london,A,True,935
amundi uk,0.0,london,A,True,1041
doctor care,0.0,london,A,True,1041
webuild ai,0.0,london,A,True,272
ross video uk,0.0,london,A,True,1041
st michaels homes,12.9,rest_england,A,True,935
tbnn limited trading as vys nails,0.0,london,A,True,272
the red house ashtead,12.9,rest_england,A,True,1041
rosehill house residential home,12.9,rest_england,A,True,1041
noble cosmetics,12.9,rest_england,A,True,1041
oakswood group,12.9,rest_england,A,True,272
alpha trust,12.9,rest_england,A,True,747
prime consultant services,12.9,rest_england,A,True,935
my luxury bathrooms,0.0,london,A,True,747
penumbra mental health,27.8,scotland,A,True,566
prototype electronics,12.9,rest_england,A,True,566
sykes capital,12.9,rest_england,A,True,1041
black isle timber harvesting,12.9,rest_england,A,True,1
hb4d leeds,12.9,rest_england,A,True,1
wynken,0.0,london,A,True,566
fatima enterprise limited t a la bella napoli la cucina italiana mare pizza tico taco,0.0,london,A,True,1041
rmj transport,12.9,rest_england,A,True,1041
applied data science partners,0.0,london,A,True,935
mymakan restaurant,12.9,rest_england,A,True,846
solafide healthcare,12.9,rest_england,A,True,846
t bazaar,0.0,london,A,True,1041
nadat and,12.9,rest_england,A,True,1041
plus care services,0.0,london,A,True,272
edinbane lodge,12.9,rest_england,A,True,1041
karrma,12.9,rest_england,A,False,294
beaumont bailey executive search,0.0,london,A,False,663
pvd retail,12.9,rest_england,A,True,467
roughcote hall farm,12.9,rest_england,A,True,1041
pryors corporate travel,12.9,rest_england,A,True,846
foodworld ashton,12.9,rest_england,A,True,1041
indigo red accountancy services,27.8,scotland,A,True,272
ashila,0.0,london,A,True,1041
bcdh capital holding uk,60.6,london,B,True,1041
opaltec international,12.9,rest_england,A,True,846
mapei uk,12.9,rest_england,A,True,747
ludonautics,12.9,rest_england,A,True,935
euroworld,0.0,london,A,True,272
manchester global management uk,0.0,london,A,True,467
drs parvataneni garala,12.9,rest_england,A,True,1041
carenest homes,12.9,rest_england,A,False,475
m j m c thomasson,12.9,rest_england,A,True,1041
banh banh brixton,0.0,london,A,True,467
sran local stores,12.9,rest_england,A,True,1041
revital dental care,0.0,london,A,True,846
ux connections,0.0,london,A,True,1041
electro gadget,0.0,london,A,True,1041
tarragon bistro,12.9,rest_england,A,True,1041
abel care,0.0,london,A,False,832
tastehead,0.0,london,A,True,272
ggm stores ltd t a meadows convenience store,12.9,rest_england,A,True,747
bszi limited t a a to z insurance services,10.4,wales,A,True,846
the egg free cake box sheff limited t a cake box,12.9,rest_england,A,True,467
dorchester visionplus limited t a specsavers,12.9,rest_england,A,True,1
euphoria traders,12.9,rest_england,A,False,294
ouyue limited t a niihaw,12.9,rest_england,A,True,1041
taka sports,12.9,rest_england,A,True,566
pragmatisch solutions private,12.9,rest_england,A,True,1041
sab trade,12.9,rest_england,A,True,1041
solutions pt,12.9,rest_england,A,True,1041
royal cars autocentre,12.9,rest_england,A,True,467
jp uk,0.0,london,A,True,393
bunty s chip stop,12.9,rest_england,A,True,1041
noel foods,0.0,london,A,True,1
rajveer,12.9,rest_england,A,True,935
highwell house nursing home,12.9,rest_england,A,True,1041
mathalie care services,12.9,rest_england,A,True,1041
hut architecture,0.0,london,A,True,1041
cakeflower,12.9,rest_england,A,True,1041
rizak,12.9,rest_england,A,True,1
b r patel t as riddhi s beauty clinic,0.0,london,A,True,1041
kaiz ltd t a burnhill store,27.8,scotland,A,True,1041
edanpower installations,12.9,rest_england,A,True,935
falafel bar london limited t a falafel bar,0.0,london,A,True,1041
heirs and graces private day nursery,12.9,rest_england,A,True,272
bondcare willington,12.9,rest_england,A,False,832
habitation care,12.9,rest_england,A,True,1041
subajini praveenthan trading as clittaford store,12.9,rest_england,A,True,1041
aylesbury used cars,12.9,rest_england,A,True,935
hewson consulting engineers,12.9,rest_england,A,True,1041
cumberland platforms,12.9,rest_england,A,True,1041
the medlar restaurant,0.0,london,A,True,1041
hermione marketing,0.0,london,A,False,574
their perfect care,12.9,rest_england,A,True,846
abacare,12.9,rest_england,A,True,747
mount vets farm practice,12.9,rest_england,A,True,1
ns fresh veg limited t a ns fresh veg,12.9,rest_england,A,True,1041
medevice digital,12.9,rest_england,A,True,846
ss creative solutions uk ltd 15462184,12.9,rest_england,A,True,1
westbury dental care,0.0,london,A,True,1041
la energy solutions,12.9,rest_england,A,True,1
caerleon house care ltd t a caerleon house nursing home,10.4,wales,A,True,1041
dosa n chutney,0.0,london,A,True,1041
jecky soni and aarti soni t as news plus,12.9,rest_england,A,True,1041
place by design,12.9,rest_england,A,True,209
tech vista,0.0,london,A,False,538
retail edge,12.9,rest_england,A,True,1041
buildercast,12.9,rest_england,A,True,935
cinematics by taha,12.9,rest_england,A,True,1
nur naz bristol limited t a cafe spice,12.9,rest_england,A,False,648
itachio,12.9,rest_england,A,True,1041
ferns surfacing,12.9,rest_england,A,True,1041
securityhq,0.0,london,A,True,1041
vchem pharmacy ltd t a carehealth pharmacy,0.0,london,A,True,1041
condale plastics,12.9,rest_england,A,True,566
keerth retail,12.9,rest_england,A,True,1041
independent physiological diagnostics ipd,0.0,london,A,True,272
nl home care,0.0,london,A,True,209
friends united limited t a chilis indian restaurant,12.9,rest_england,A,True,1041
burtons biscuits,12.9,rest_england,A,False,574
hamilton academy,12.9,rest_england,A,True,935
icare solutions nw,12.9,rest_england,A,False,832
d h lamama,12.9,rest_england,A,True,1041
lord grey academy,12.9,rest_england,A,True,1041
wr global,0.0,london,A,False,1
cook compression,12.9,rest_england,A,True,1041
seven bridges,0.0,london,A,True,1041
hathaway contractors,12.9,rest_england,A,True,1041
qm london trading,0.0,london,A,True,747
the blandford group practice,12.9,rest_england,A,True,1041
sekyee computer,0.0,london,A,True,1041
cleeve house care ltd t a cleeve house,12.9,rest_england,A,True,935
soon london,0.0,london,A,True,1041
overthrow digital,0.0,london,A,True,1041
randell s healthcare,12.9,rest_england,A,True,272
we care you plus,10.4,wales,A,True,935
s k news food store,12.9,rest_england,A,True,935
genedrive diagnostics,12.9,rest_england,A,True,1041
mantl,0.0,london,A,True,1041
raj admission consultancy,0.0,london,A,True,1041
rccg jesus house aberdeen,27.8,scotland,A,True,1041
ra electrical,0.0,london,A,True,747
gnt uk,12.9,rest_england,A,True,1041
shreeoom,12.9,rest_england,A,True,1041
lakhan sweets and savoury,12.9,rest_england,A,True,1041
bloom health hospitals,12.9,rest_england,A,True,1
kidly,12.9,rest_england,A,True,1041
hansam ltd ta heavenly desserts batley,12.9,rest_england,A,True,1041
denys nv uk,0.0,london,A,True,1041
the conde nast publications,0.0,london,A,True,1041
golden twist,0.0,london,A,True,846
pesapeer payment,12.9,rest_england,A,True,209
first dispute management,12.9,rest_england,A,True,272
rs a education and consultancy,12.9,rest_england,A,True,272
st ralph sherwin catholic multi academy trust,12.9,rest_england,A,True,935
wacker chemicals,12.9,rest_england,A,True,1041
southall london glazing,12.9,rest_england,A,True,846
sgim sush,12.9,rest_england,A,True,393
apply4 technology,0.0,london,A,True,1041
livenow media,0.0,london,A,False,475
cornerstone practice,12.9,rest_england,A,True,1041
belfast health social care trust,14.0,ni,A,True,1041
elecsis,12.9,rest_england,A,True,1
exertis uk,12.9,rest_england,A,True,1041
m k freight,12.9,rest_england,A,True,272
ideafruit uk,12.9,rest_england,A,True,1041
walgreens boots alliance services,12.9,rest_england,A,False,832
sawaddee limited t a chai wu,0.0,london,A,False,832
cdw,0.0,london,A,True,1041
lt properties,12.9,rest_england,A,True,935
american dining franchise,12.9,rest_england,A,True,846
b w boathouse inn moulsford ltd t a the beetle and wedge,12.9,rest_england,A,True,272
acosta dance foundation,12.9,rest_england,A,True,566
usstad haulage,12.9,rest_england,A,True,1041
gen 2 carbon,12.9,rest_england,A,True,1041
h andrew,12.9,rest_england,A,True,846
shah design build,12.9,rest_england,A,False,195
smooth service,12.9,rest_england,A,True,467
den co down,14.0,ni,A,True,1
northern autos,12.9,rest_england,A,True,1041
heygates,12.9,rest_england,A,True,1041
elgar healthcare,12.9,rest_england,A,True,1041
love utility services,12.9,rest_england,A,True,566
umi oriental food limited trading as umi japanese bar restaurants,12.9,rest_england,A,True,1041
sequoia organisation,0.0,london,A,True,1041
pillar app,0.0,london,A,True,1041
icon solutions,0.0,london,A,False,475
chopra associates,12.9,rest_england,A,True,1041
ear health solutions,12.9,rest_england,A,True,566
profitwise consultants,12.9,rest_england,A,True,1
aathira trading ltd t a parade express,12.9,rest_england,A,True,935
wg curry house,12.9,rest_england,A,True,1041
toast mail order,10.4,wales,A,True,935
timeswitch care,12.9,rest_england,A,True,1041
sheerin co ltd t a sheerin palace,27.8,scotland,A,False,832
ben baldwin a,12.9,rest_england,A,True,1
avvrax,12.9,rest_england,A,True,1041
mobhutstourbridge,12.9,rest_england,A,True,846
ateliers de france,0.0,london,A,False,195
pico technology,12.9,rest_england,A,True,1041
star pro construction,0.0,london,A,True,747
lh global group uk,0.0,london,A,False,1
formation physiotherapy,14.0,ni,A,True,935
cabbages condoms uk,12.9,rest_england,A,True,1041
clarendon construction contracting,12.9,rest_england,A,True,1041
drymonsoon,12.9,rest_england,A,True,209
kokoro hounslow,12.9,rest_england,A,True,467
hcn uk management services limited t a welltower,0.0,london,A,True,1041
advanced logistics for aerospace uk,12.9,rest_england,A,True,1041
willows pharmacy,12.9,rest_england,A,True,1041
copper connect care uk,0.0,london,A,True,935
the heathers nursing home,12.9,rest_england,A,True,1041
deluxe sign services,12.9,rest_england,A,True,1041
king street dental surgery,12.9,rest_england,A,True,1041
bakhsh consultants,0.0,london,A,True,846
ballyrobin enterprises,12.9,rest_england,A,True,1041
edhat international,12.9,rest_england,A,True,935
stop shop grocers,12.9,rest_england,A,True,1041
desi tailors,0.0,london,A,True,566
hacest uk,12.9,rest_england,A,False,89
huamei cake house,12.9,rest_england,A,True,935
mini mart,12.9,rest_england,A,True,846
h10 hotels waterloo,0.0,london,A,True,1041
vital facilities management,0.0,london,A,False,637
scottish council of jewish communities,27.8,scotland,A,False,832
pierce washington,0.0,london,A,True,1041
hockley mobiles,12.9,rest_england,A,True,1041
lushington chiropractic,12.9,rest_england,A,False,106
techlogic it services,12.9,rest_england,A,True,1041
mg cheshire uk,12.9,rest_england,A,True,209
hugo harrison,0.0,london,A,True,1041
atm bar and restaurants,12.9,rest_england,A,False,648
national institute for health and care excellence,12.9,rest_england,A,True,1041
digital world,12.9,rest_england,A,False,1
pamir trading,12.9,rest_england,A,True,1041
tilson solicitors,0.0,london,A,True,1041
p r services investments trading,12.9,rest_england,A,False,280
best one timperley stores,12.9,rest_england,A,True,1041
spark educare and consultancy,12.9,rest_england,A,True,747
m q car traders,12.9,rest_england,A,True,747
phuse technology,12.9,rest_england,A,False,832
knowcross,0.0,london,A,True,1041
risk factory,0.0,london,A,False,106
manteio capital uk,0.0,london,A,True,467
ty 24,12.9,rest_england,A,True,747
three leaves,12.9,rest_england,A,True,1041
zoa technologies,0.0,london,A,False,475
thatcham fry,12.9,rest_england,A,True,1041
chauncy school,12.9,rest_england,A,True,846
tritonexec,0.0,london,A,True,1041
asian designer,0.0,london,A,True,1041
sparta statues,12.9,rest_england,A,True,846
richard challoner school,12.9,rest_england,A,True,747
john j higgins,12.9,rest_england,A,True,747
arcadia care no 1,12.9,rest_england,A,True,1041
d b quality care,27.8,scotland,A,False,475
sport structures,12.9,rest_england,A,True,935
anwa properties,0.0,london,A,True,393
paul loughran,12.9,rest_england,A,True,467
caridon property,12.9,rest_england,A,True,935
vocean,12.9,rest_england,A,True,935
nch marketing services limited trading as savi,12.9,rest_england,A,True,1041
itera automotive solutions uk,0.0,london,A,True,467
scan global logistics uk,12.9,rest_england,A,True,935
turner broadcasting system europe,0.0,london,A,True,1041
zen travels west midlands,12.9,rest_england,A,True,272
the compassionate care bureau,12.9,rest_england,A,False,89
ctd care services,12.9,rest_england,A,True,1041
minox trading,12.9,rest_england,A,True,846
cloudsec systems,12.9,rest_england,A,True,1041
hardy s newsagent,12.9,rest_england,A,True,209
kh traders lvr,12.9,rest_england,A,True,846
hospitality exmouth,12.9,rest_england,A,False,574
ayaan butchers and groceries,12.9,rest_england,A,True,1041
seven care services,12.9,rest_england,A,True,1041
aroxo,0.0,london,A,True,1041
ramsay health care uk,12.9,rest_england,A,True,1041
air algerie,0.0,london,A,True,1041
yuane volition,12.9,rest_england,A,False,195
bluecube cyber security solutions,12.9,rest_england,A,True,935
gji private,12.9,rest_england,A,True,209
recover physiotherapy,12.9,rest_england,A,True,935
1717 retail,12.9,rest_england,A,True,467
uphall tandoori,12.9,rest_england,A,True,846
aspire information technologies,12.9,rest_england,A,True,1041
k d care,12.9,rest_england,A,True,747
leathwaite human capital,0.0,london,A,True,1041
the real good dental company limited t a breeze family dental care,12.9,rest_england,A,True,846
inntech services,12.9,rest_england,A,True,1041
imperial learning,0.0,london,A,True,1041
boxer design and manufacturing,12.9,rest_england,A,True,272
occhiali,0.0,london,A,True,393
arax properties,0.0,london,A,True,1041
fcc environment uk,12.9,rest_england,A,True,1041
the lion 2 limited t a the lion liverpool,12.9,rest_england,A,True,747
data science central uk,0.0,london,A,True,1041
mukti properties spv,12.9,rest_england,A,True,467
bonelli erede lombardi pappalardo,0.0,london,A,True,1041
manchester asthetics limited t a diamond asthetic clinic,12.9,rest_england,A,True,935
first trenitalia west coast rail limited t a avanti west coast,0.0,london,A,True,1041
southern facility services,12.9,rest_england,A,True,1041
yade pharma,12.9,rest_england,A,True,846
parade crawley ltd t a china garden,12.9,rest_england,A,True,1041
ametek gb,12.9,rest_england,A,False,1
dunwood manor romsey,12.9,rest_england,A,True,209
tier consult sy,12.9,rest_england,A,False,648
atkins group,0.0,london,A,False,195
charmstrend,12.9,rest_england,A,True,846
keto bee foods,12.9,rest_england,A,True,566
ssh accountancy limited t a sarwar,0.0,london,A,True,747
mdpi uk,12.9,rest_england,A,True,935
lucketts care agency,12.9,rest_england,A,True,846
arthi supermarket,12.9,rest_england,A,True,747
mr logaraj easwaran t a boughton village store,12.9,rest_england,A,True,1041
kingsway capital partners,0.0,london,A,True,1041
builders mart,12.9,rest_england,A,True,1
london victoria groups,0.0,london,A,True,1
noor isr,0.0,london,A,True,747
smile matters,0.0,london,A,True,566
optima health uk,12.9,rest_england,A,True,467
lowman foods limited t a slab city,0.0,london,A,True,393
aire valley frozen foods,12.9,rest_england,A,True,1041
albatross travel group,12.9,rest_england,A,True,1041
kaizen consulting and engineering,12.9,rest_england,A,True,1041
beautology uk,12.9,rest_england,A,True,1041
odera services,12.9,rest_england,A,True,1041
castlegate retail,27.8,scotland,A,True,566
ppc hospitality uk,12.9,rest_england,A,True,566
veerakathy kandiah thayakaran,12.9,rest_england,A,True,935
braemac,12.9,rest_england,A,True,1041
jordan design,0.0,london,A,True,1
cf partners uk,0.0,london,A,False,106
ackroyd house,12.9,rest_england,A,True,1041
newlook double glazing,12.9,rest_england,A,True,1041
rivermarket,12.9,rest_england,A,True,467
pennycocktails,10.4,wales,A,False,1
everyoung clinic,0.0,london,A,True,272
snig estates,12.9,rest_england,A,True,747
two steaks,12.9,rest_england,A,True,747
the green land team,12.9,rest_england,A,True,747
nsn traders,12.9,rest_england,A,True,1041
axiom rectory,12.9,rest_england,A,True,272
weaver vale practice,12.9,rest_england,A,True,1041
inclusion independence,12.9,rest_england,A,True,467
savannah care,12.9,rest_england,A,False,832
freighton logistics,12.9,rest_england,A,True,1
neofin advisory,0.0,london,A,True,935
visualist technologies,0.0,london,A,True,1
mace,0.0,london,A,True,1041
infinite software solutions,12.9,rest_england,A,True,467
liberty woodland school,12.9,rest_england,A,True,1041
mister men,0.0,london,A,True,1041
etihad mobile electronics,12.9,rest_england,A,True,566
silverstone circuits,12.9,rest_england,A,True,1041
slough and east berkshire c of e multi academy trust,12.9,rest_england,A,True,1041
b g liquor,12.9,rest_england,A,True,1041
conlon construction nottingham,12.9,rest_england,A,True,1041
skk convenience store,12.9,rest_england,A,True,272
qsid,12.9,rest_england,A,True,1041
commonplace digital,12.9,rest_england,A,True,1041
mynt,0.0,london,A,True,467
birchwood medical centre,12.9,rest_england,A,True,1041
zeera indian cuisine south shields,12.9,rest_england,A,True,1041
eclick solutions,12.9,rest_england,A,True,935
servoca,12.9,rest_england,A,False,106
apex consulting engineers,12.9,rest_england,A,True,566
metwell pharma,12.9,rest_england,A,False,832
beyond build,0.0,london,A,True,1041
4 seasons grocery,10.4,wales,A,True,1041
burgerville 2875,12.9,rest_england,A,True,747
novorise,12.9,rest_england,A,True,1041
doceree uk,12.9,rest_england,A,True,1041
ama superfutures,0.0,london,A,True,846
carers hub,0.0,london,A,True,272
brean leisure park,12.9,rest_england,A,True,1041
fx digital,0.0,london,A,True,1041
appogeehr,12.9,rest_england,A,True,1041
prism it,12.9,rest_england,A,True,1041
hd hyundai heavy industries,0.0,london,A,True,747
reliance bookkeeping and accounting services,0.0,london,A,True,1041
spectec,12.9,rest_england,A,True,1041
poq studio,0.0,london,A,True,1041
n k brothers minimart,12.9,rest_england,A,True,846
ys chen,12.9,rest_england,A,True,747
yatesea marine,12.9,rest_england,A,True,566
access nri consultancy pvt,12.9,rest_england,A,True,935
cherry s health care,12.9,rest_england,A,True,393
abu bakar,12.9,rest_england,A,True,1041
rackheath vets,12.9,rest_england,A,True,467
efso ltd t a anytime fitness chelsea,12.9,rest_england,A,True,846
natixis investment managers uk,0.0,london,A,True,1041
ro engineeria,12.9,rest_england,A,True,1041
ziphouse,12.9,rest_england,A,True,467
hyperspheric solutions,12.9,rest_england,A,True,1041
maeme s leeds,12.9,rest_england,A,True,935
lemieux,12.9,rest_england,A,True,935
same ways care,12.9,rest_england,A,True,1041
quiz room uk,0.0,london,A,True,393
gathering momentum,12.9,rest_england,A,False,475
vertigo studio uk,0.0,london,A,False,195
petunia holdco,12.9,rest_england,A,True,1
urban projects bureau,0.0,london,A,True,1041
smile identity uk,0.0,london,A,True,1041
forta advisors,0.0,london,A,True,1
boreas software and consulting,0.0,london,A,True,935
robdor,12.9,rest_england,A,False,188
blackwall security,0.0,london,A,True,1
hamlin electronics europe,12.9,rest_england,A,True,467
jhonstone convenience store,12.9,rest_england,A,True,846
akula solutions,12.9,rest_england,A,True,1041
galderma uk,0.0,london,A,True,1041
bindethics,12.9,rest_england,A,True,393
stem centre,12.9,rest_england,A,True,467
duncan grove,12.9,rest_england,A,True,1041
four acre health centre,12.9,rest_england,A,True,1041
wellcare stoke newington,0.0,london,A,True,1041
pacetech,12.9,rest_england,A,True,1041
bright health pharmacy,12.9,rest_england,A,True,1
kidzland nursery,12.9,rest_england,A,True,1041
cheema taverns,12.9,rest_england,A,False,542
dialogue earth,0.0,london,A,True,747
sani convenience,12.9,rest_england,A,True,747
super restaurants,12.9,rest_england,A,True,1041
goc solutions,12.9,rest_england,A,True,1041
3 peaks health,0.0,london,A,True,747
o a edwards limited t a landsdowne pharmacy,12.9,rest_england,A,True,1041
mrs pirashanthy sabesh,12.9,rest_england,A,True,846
dbay uk,0.0,london,A,True,566
considerate hoteliers,0.0,london,A,True,1041
oenofuture,0.0,london,A,True,1041
amflo care services,12.9,rest_england,A,True,1041
sweet red balls,12.9,rest_england,A,True,935
the institution of structural engineers,0.0,london,A,True,747
eternique,0.0,london,A,True,272
robert may s school,12.9,rest_england,A,True,935
speed engineering solutions,12.9,rest_england,A,True,1041
eagle logistic,12.9,rest_england,A,True,1041
esports engine uk,0.0,london,A,False,832
peak gen top,12.9,rest_england,A,True,1041
vishru infotech,12.9,rest_england,A,False,106
st austell healthcare group,12.9,rest_england,A,True,935
alshaheer halal foods pvt,12.9,rest_england,A,True,1041
abd alrahman alisha t a bismillah takeaway,12.9,rest_england,A,True,846
cherry hinton cambridge ltd t a nj groceries,12.9,rest_england,A,True,467
charlies frozen food convenience store,12.9,rest_england,A,True,935
ronghan international,0.0,london,A,True,747
acosta dance centre,12.9,rest_england,A,True,566
oasis good games uk,0.0,london,A,True,1041
blocks online,0.0,london,A,True,1041
village hs,0.0,london,A,True,272
secure thingz ltd trading as iar,12.9,rest_england,A,True,393
r s dinas ltd t as queen s fish bar,10.4,wales,A,True,1041
faculty of public health of the royal colleges of physicians of the united kingdom,0.0,london,A,True,1041
jimmys barber,12.9,rest_england,A,True,747
medibody,12.9,rest_england,A,True,846
jtt garage services,12.9,rest_england,A,True,1041
seldek2025,12.9,rest_england,A,True,209
twist lane garage,12.9,rest_england,A,True,1041
data trans technologies,12.9,rest_england,A,True,1041
gaffer trading,12.9,rest_england,A,True,1041
the howard league for penal reform,0.0,london,A,True,1
democare services,12.9,rest_england,A,False,832
le cordon bleu,0.0,london,A,True,1041
mr selvanayakam jeevakaran ta angel store,12.9,rest_england,A,True,935
jdp hotels,12.9,rest_england,A,True,1041
mh private wealth,12.9,rest_england,A,True,467
paradise care,12.9,rest_england,A,True,1041
blackwood capital group uk,0.0,london,A,True,1041
emcer ltd t a eureka newsagents stationery,0.0,london,A,True,1041
wokingham cars,12.9,rest_england,A,True,1041
vm accountants,12.9,rest_england,A,True,209
plane saver credit union,12.9,rest_england,A,True,393
checkboard,0.0,london,A,True,393
kenzaa,12.9,rest_england,A,True,747
fast tex,12.9,rest_england,A,True,1041
sharp ax computer systems,12.9,rest_england,A,True,1041
peter best trade,12.9,rest_england,A,True,467
hostnext,12.9,rest_england,A,True,747
dolsmedia,12.9,rest_england,A,True,1
i d s,12.9,rest_england,A,True,747
best care 4 u,12.9,rest_england,A,True,1041
betapharma,0.0,london,A,True,747
ulla technology,0.0,london,A,True,1
the hira,12.9,rest_england,A,True,1041
bandarband,12.9,rest_england,A,True,1041
iduna oma,12.9,rest_england,A,True,393
sbz properties,12.9,rest_england,A,False,294
infinity solar uk,12.9,rest_england,A,True,846
mt2m media,0.0,london,A,True,1041
mbm consulting,0.0,london,A,True,1041
patfir consulting,0.0,london,A,False,832
pontardawe cross fish bar,10.4,wales,A,True,1041
gursel restaurant,12.9,rest_england,A,True,467
g b mobiles mcr,12.9,rest_england,A,True,1041
great eelam ltd t a esso loampit vale service station,0.0,london,A,True,393
rss fast food suppliers,12.9,rest_england,A,True,1041
awan brothers trading ltd t a bombay spice,12.9,rest_england,A,True,1041
william hare,12.9,rest_england,A,True,1041
lalji keshav ltd t a blakes newsagents and post office,12.9,rest_england,A,True,1041
the goodpeople business,0.0,london,A,True,1
simportal,12.9,rest_england,A,True,1041
s singh nottingham,12.9,rest_england,A,True,272
drgrilly ltd t a chaska grill da,0.0,london,A,True,935
leadenhall search and selection,0.0,london,A,True,1041
dutta and sons,12.9,rest_england,A,True,393
standard health,12.9,rest_england,A,True,467
talybont pharmacy,12.9,rest_england,A,True,1041
qualified care residential services,12.9,rest_england,A,False,832
novartis pharmaceuticals uk,0.0,london,A,True,1041
elite sports management,0.0,london,A,True,935
the london warehouse,12.9,rest_england,A,True,1041
velocity global international services,0.0,london,A,True,1041
polaris law solicitors,12.9,rest_england,A,True,566
caplin systems,0.0,london,A,True,1041
rose golf,12.9,rest_england,A,True,935
byres fast foods,27.8,scotland,A,False,369
st johns house medical centre,12.9,rest_england,A,True,1041
ayyan restaurant and sweets limited t a pach bhai restaurant,0.0,london,A,True,566
opde uk,0.0,london,A,True,1041
sultan taste,12.9,rest_england,A,True,566
whizztechi,12.9,rest_england,A,True,566
red pepper pizza on demand,0.0,london,A,True,1041
yaksh,12.9,rest_england,A,True,467
dashly,0.0,london,A,True,1041
foyle food group,12.9,rest_england,A,True,1041
belge convenience store,12.9,rest_england,A,True,1041
aum construction,12.9,rest_england,A,True,1041
allan cameron and partners,12.9,rest_england,A,True,1041
realtime tech,12.9,rest_england,A,True,1041
morphe cosmetics,0.0,london,A,True,1041
aima global,12.9,rest_england,A,False,357
bread and ham,12.9,rest_england,A,True,1041
a t kumar,0.0,london,A,True,566
jaffer,0.0,london,A,True,935
rag trading,10.4,wales,A,True,846
solid woods,12.9,rest_england,A,True,1041
azotic technologies,12.9,rest_england,A,True,1041
technet cloud solutions,12.9,rest_england,A,True,1041
opi nw ltd t a sopna restaurant,12.9,rest_england,A,False,294
cambridge bespoke property solutions,12.9,rest_england,A,True,1041
baltic classifieds group,12.9,rest_england,A,True,935
primrose retail,12.9,rest_england,A,True,272
smartstarts day nursery,0.0,london,A,True,467
extern northern ireland,12.9,rest_england,A,True,846
multi care community services north hertfordshire,12.9,rest_england,A,True,1041
boyd technologies ashington uk,12.9,rest_england,A,True,935
nosuffering,0.0,london,A,True,1041
altmore dental practice,0.0,london,A,True,1041
towassal riasat t a al aqsa halal meat and grocery,12.9,rest_england,A,True,1041
vevton services uk,0.0,london,A,False,538
highland home carers,27.8,scotland,A,True,1041
apna dera oldham,12.9,rest_england,A,True,846
wimbledon high school,0.0,london,A,True,1041
the best rest beds uk,12.9,rest_england,A,True,1041
molymer moulding services,12.9,rest_england,A,True,272
smart construction and services,12.9,rest_england,A,True,1041
mark sons,12.9,rest_england,A,True,846
safe mobile solution,12.9,rest_england,A,True,1041
enough energy,12.9,rest_england,A,True,1
hush london 2014,0.0,london,A,True,566
tassomai,0.0,london,A,True,1041
proxy recruitment services,12.9,rest_england,A,True,935
istanbul pizza house ltd t a roosters grill,12.9,rest_england,A,True,1041
ar midlands,12.9,rest_england,A,True,1041
major league baseball europe,0.0,london,A,True,1041
spectrum it,12.9,rest_england,A,True,935
hc one,12.9,rest_england,A,True,1041
inhaf,12.9,rest_england,A,True,272
enthos ltd t a prodigy lounge,0.0,london,A,True,846
serenity welfare,12.9,rest_england,A,True,1041
axiom structures,0.0,london,A,True,846
one london city,0.0,london,A,True,393
keith flower,12.9,rest_england,A,True,566
qxbranch uk,0.0,london,A,False,1
clm fireproofing,0.0,london,A,True,1041
saffron s spice uk,12.9,rest_england,A,False,188
ajwa sweets,12.9,rest_england,A,True,1041
smart automation services,12.9,rest_england,A,False,726
fonde,12.9,rest_england,A,True,1041
arka house,12.9,rest_england,A,True,272
invenia labs,12.9,rest_england,A,False,832
cake house gravesend ltd t a cake house bakery,12.9,rest_england,A,True,467
alfa physio clinic,12.9,rest_england,A,True,747
birmingham supported housing,12.9,rest_england,A,True,467
goldenacre grocery ltd t a gilmerton grocers,27.8,scotland,A,True,1041
dhd co accountants business advisors,12.9,rest_england,A,True,209
tenkaichi sw limited ta tenkaichi sushi and noodle bar,10.4,wales,A,True,1041
playdays day nursery nursery school,0.0,london,A,True,1041
scottish equity partners,27.8,scotland,A,True,209
home fix global,0.0,london,A,True,1041
bolder academy trust,12.9,rest_england,A,True,1
cherwell tandoori,12.9,rest_england,A,True,846
the retail performance,12.9,rest_england,A,True,1
woodgates chartered certified accountants registered auditors,12.9,rest_england,A,True,1041
fast technologies,12.9,rest_england,A,True,1041
delaval,10.4,wales,A,True,1041
coffee tree bucks,12.9,rest_england,A,True,846
ace uk engineering consultants,12.9,rest_england,A,True,209
lucas hood limited t a studio la plage,0.0,london,A,False,369
amcor europe group management,12.9,rest_england,A,True,1041
awaisi,27.8,scotland,A,True,566
agilite solutions,0.0,london,A,True,1041
star tissue uk,12.9,rest_england,A,True,1041
betterstore self storage operations,12.9,rest_england,A,True,846
m m family one,12.9,rest_england,A,True,935
alsyed and sons trading,12.9,rest_england,A,True,935
m m foods london,12.9,rest_england,A,True,846
abs transport,0.0,london,A,True,846
bh productions and management,12.9,rest_england,A,True,1041
empress stores,12.9,rest_england,A,True,1041
j d williams,12.9,rest_england,A,True,1041
merchants news ltd sponsor licence,12.9,rest_england,A,True,1041
rowlands road surgery,12.9,rest_england,A,True,846
mericrest,0.0,london,A,True,1041
1partcarbon,27.8,scotland,A,True,1041
jones engineering group,0.0,london,A,True,846
ipsos mori uk,0.0,london,A,True,1041
premium halal uk butchers,0.0,london,A,True,846
hayat bros,12.9,rest_england,A,True,846
green frog connect,12.9,rest_england,A,True,1041
sygnature discovery,12.9,rest_england,A,True,1041
care for may limited t a caremark lewisham,0.0,london,A,False,832
josben international college uk,12.9,rest_england,A,True,935
feminist review,0.0,london,A,True,1041
project better energy,12.9,rest_england,A,True,1041
body logic health,0.0,london,A,True,1041
zero point motion,12.9,rest_england,A,True,1041
campfire agency,12.9,rest_england,A,True,846
building innovations uk,12.9,rest_england,A,True,209
arnold clark automobiles,27.8,scotland,A,True,1041
g g concept,0.0,london,A,True,272
telus international u k,0.0,london,A,True,1041
nsr care home,12.9,rest_england,A,True,1041
zuru uk,12.9,rest_england,A,True,1041
a a homes and housing premier,0.0,london,A,True,846
ben maher,12.9,rest_england,A,True,393
mypos payments,0.0,london,A,True,935
eco contracts,12.9,rest_england,A,True,1041
marsh partners,0.0,london,A,True,1041
kioxia technology uk,12.9,rest_england,A,True,1041
china uk development,12.9,rest_england,A,True,1041
torq commodities uk,0.0,london,A,True,1041
cathie associates,12.9,rest_england,A,True,1041
antstream,0.0,london,A,True,1041
solutions embassy,12.9,rest_england,A,False,648
findeven,0.0,london,A,True,209
sv london ltd t a cards galore,0.0,london,A,True,1041
caxton payments,0.0,london,A,True,1041
indulge desserts coventry,12.9,rest_england,A,True,935
jml accountancy services,12.9,rest_england,A,True,393
everland marketing,12.9,rest_england,A,True,1041
micropply limited t a groundwow,12.9,rest_england,A,True,1041
aegean estate,0.0,london,A,True,747
autonomy service,0.0,london,A,True,1041
graceful care,0.0,london,A,True,1041
best trading gb,12.9,rest_england,A,True,846
crownwise,0.0,london,A,True,1041
everest and co accountants,12.9,rest_england,A,True,1
cheers chill,12.9,rest_england,A,True,846
oakhaven residential care home,12.9,rest_england,A,True,1041
amer sports uk,12.9,rest_england,A,True,1041
arrow business communications,12.9,rest_england,A,True,935
mr thavarajah thavaseelan,12.9,rest_england,A,True,1041
pure tree nursery,0.0,london,A,True,1
linetech services,12.9,rest_england,A,True,1
richmond joiners and builders,12.9,rest_england,A,True,1041
gudge heath lane surgery,12.9,rest_england,A,True,566
laz lezzet ltd t a laz cafe,12.9,rest_england,A,True,1041
el boca doncaster,12.9,rest_england,A,True,1041
onsecurity technology,12.9,rest_england,A,True,272
krisco services limited t a bp,12.9,rest_england,A,True,846
tupsley pos limited t a tupsley post office store,12.9,rest_england,A,True,846
furze platt senior school,12.9,rest_england,A,True,1041
denning farms,12.9,rest_england,A,True,1041
park view nursing home,12.9,rest_england,A,False,195
nirala one,12.9,rest_england,A,False,453
druce co international,0.0,london,A,True,747
maisha one limited t a indian queen,12.9,rest_england,A,True,1041
the dipaloy ltd t a sangam balti house,12.9,rest_england,A,False,538
heyhub,0.0,london,A,True,1041
heatly uk,0.0,london,A,False,832
zayan builders,0.0,london,A,False,475
majedi holdings,0.0,london,A,True,846
meddyg care porthmadog,12.9,rest_england,A,True,1
starlybek care,12.9,rest_england,A,True,1
bhutta mart,12.9,rest_england,A,True,272
roxy beauty,12.9,rest_england,A,True,1041
quinyx uk,0.0,london,A,True,1041
bs media,0.0,london,A,True,747
syrena,0.0,london,A,True,935
stone key blackburn,12.9,rest_england,A,True,1041
artisan partners uk,0.0,london,A,True,1041
tob care,12.9,rest_england,A,False,195
5 m s scots,27.8,scotland,A,True,566
vitalise retail ltd t a esso mfg milady,27.8,scotland,A,True,1
brel facades,0.0,london,A,True,1
white rose dental practice,12.9,rest_england,A,True,566
envopap,0.0,london,A,False,769
the glebe practice,12.9,rest_england,A,True,1041
kanagasabai kugarajah t a ksg fast food,0.0,london,A,True,1041
japan street food,12.9,rest_england,A,False,769
nanomox,0.0,london,A,True,846
the stickleback fish,12.9,rest_england,A,True,1041
mr sivapuranathan subasharan ta hadlow superstore,12.9,rest_england,A,True,846
uni space holdings,12.9,rest_england,A,True,467
gsk bodyworks accident repair,12.9,rest_england,A,True,1041
zdf german tv,0.0,london,A,True,566
marlou consultancy,0.0,london,A,True,1
hereford mobile repair,12.9,rest_england,A,True,747
esa trading ltd t a german doner kebab,12.9,rest_england,A,True,1041
ank s beauty clinic limited t a elite cosmetology,0.0,london,A,True,1041
gyros lab ltd t a gyros lab,0.0,london,A,False,184
birdsall decarbonisation,12.9,rest_england,A,True,1
priority electrical,12.9,rest_england,A,False,188
shackerley holdings group,12.9,rest_england,A,True,272
asr worldwide,12.9,rest_england,A,True,1041
kr banda medcare,12.9,rest_england,A,True,566
gamban,12.9,rest_england,A,True,935
unimetals recycling uk,12.9,rest_england,A,False,294
avon survey,12.9,rest_england,A,True,1041
hexagon hall,0.0,london,A,True,566
jay two en three ltd t a gareth rees newsagents,12.9,rest_england,A,True,393
discount fabrics,12.9,rest_england,A,True,1041
spiffy stores,12.9,rest_england,A,True,935
emotive agency,0.0,london,A,True,1041
crucible digital,0.0,london,A,True,935
gb tyre birmingham,12.9,rest_england,A,True,935
usk automotive,12.9,rest_england,A,True,272
objective corporation uk,12.9,rest_england,A,True,1041
south molton co operative learning trust,12.9,rest_england,A,True,1041
bowman riley architects,12.9,rest_england,A,True,846
cars club traders,12.9,rest_england,A,True,935
ananas anam uk,0.0,london,A,False,832
hollybank care home,10.4,wales,A,True,272
inspired indian limited t a sakonis restaurant,12.9,rest_england,A,True,1041
southtax cars,12.9,rest_england,A,False,637
likezero holdings,27.8,scotland,A,True,272
finaghy south,14.0,ni,A,True,1
city 1st,12.9,rest_england,A,True,1041
roman furniture london,0.0,london,A,True,1041
moltex energy,12.9,rest_england,A,False,832
at apex house,12.9,rest_england,A,False,832
koplar group,12.9,rest_england,A,False,832
jerseytex,12.9,rest_england,A,True,1041
victoria cross surgery,12.9,rest_england,A,True,1041
babos pizza and burger limited t a babos kebab pizza,12.9,rest_england,A,True,747
ambition community trust,12.9,rest_england,A,True,566
globose international,12.9,rest_england,A,True,1041
spill festival,12.9,rest_england,A,True,1041
rise accounting,0.0,london,A,True,1
shah transport,12.9,rest_england,A,True,747
jhn healthcare,12.9,rest_england,A,True,1041
premier corex,27.8,scotland,A,True,1041
endermotherapy by prm,0.0,london,A,True,566
phone spot,27.8,scotland,A,True,1041
brighton ymca,12.9,rest_england,A,True,1041
muyee semiconductor uk,12.9,rest_england,A,True,935
k g s stores,12.9,rest_england,A,True,1041
ant europe,12.9,rest_england,A,True,1041
sam fogg,0.0,london,A,True,566
tech mta,12.9,rest_england,A,True,846
deverill estates ltd t a elroi manor,12.9,rest_england,A,True,1041
m j s superstore ltd t a premier,10.4,wales,A,True,1041
pakeezah halal meat,0.0,london,A,True,393
cloudtech communications,12.9,rest_england,A,True,272
community activities project ealing cape,0.0,london,A,True,566
msf hair and cosmetics,0.0,london,A,True,566
gtn market data services,0.0,london,A,True,1041
sellyoak stirchley tyres,12.9,rest_england,A,True,935
the steppes care,12.9,rest_england,A,True,1041
sh stockton ltd t a manjaros,12.9,rest_england,A,True,1041
obon foods,12.9,rest_england,A,True,1041
peritus corporate finance,0.0,london,A,True,1041
new hayesbank surgery,12.9,rest_england,A,True,1041
westbourne school trust,12.9,rest_england,A,True,1041
ledsynergy,12.9,rest_england,A,True,566
gns associates uk,0.0,london,A,True,935
qantas cabin crew uk,12.9,rest_england,A,True,1041
tangerine,0.0,london,A,True,1041
kahn wholesales,12.9,rest_england,A,True,1041
f r enterprise,12.9,rest_england,A,True,1041
1905 group limited t a 1905,0.0,london,A,True,1041
nelsonhall,12.9,rest_england,A,False,1
united solicitors,12.9,rest_england,A,True,1041
best way london,0.0,london,A,True,566
clinuvel uk,12.9,rest_england,A,True,1041
sntnl uk,12.9,rest_england,A,True,1041
tenon fm,12.9,rest_england,A,True,1041
fiftytwo 7 care,12.9,rest_england,A,True,935
boston college,12.9,rest_england,A,True,1041
intelligent legal solutions ils,0.0,london,A,True,272
zakir wali s kitchen,12.9,rest_england,A,True,272
seachill uk limited trading as hilton seafood uk,12.9,rest_england,A,True,467
gulf international bank uk,0.0,london,A,True,1041
jhelum papers,12.9,rest_england,A,True,393
net essence,12.9,rest_england,A,True,747
holland park day nursery,0.0,london,A,True,566
caveman barbers,12.9,rest_england,A,True,1041
sussex community dermatology service,12.9,rest_england,A,True,1041
umar autos,0.0,london,A,True,747
axiom maths,0.0,london,A,True,467
halal for u,12.9,rest_england,A,True,1041
the lavence group,12.9,rest_england,A,True,566
sakthi trading,12.9,rest_england,A,True,935
dermalogica uk,12.9,rest_england,A,True,1041
holding bam uk,12.9,rest_england,A,True,566
dedicated care east anglia,12.9,rest_england,A,True,272
ballykelly consulting,12.9,rest_england,A,True,566
additive industries uk ireland,12.9,rest_england,A,False,475
ga pet food partners,12.9,rest_england,A,True,1041
xitricon,0.0,london,A,True,935
sushil risca,10.4,wales,A,True,1041
1416 digital,0.0,london,A,True,935
chestnuts bar and grill,12.9,rest_england,A,True,935
barnstaple specsavers,12.9,rest_england,A,True,1041
care angels batley,12.9,rest_england,A,True,1041
new street consulting group,12.9,rest_england,A,True,846
lifeline health,12.9,rest_england,A,True,1041
a c uk group,12.9,rest_england,A,True,467
unison software and consultancy,0.0,london,A,True,467
texaco service station,12.9,rest_england,A,True,272
fairyloot,0.0,london,A,True,747
saint michel uk,0.0,london,A,True,1041
maison estelle,0.0,london,A,True,1041
splendid west london,0.0,london,A,True,272
university of strathclyde,27.8,scotland,A,True,1041
mgu logistics,12.9,rest_england,A,False,280
investor update,0.0,london,A,True,1041
sagacity solutions,0.0,london,A,True,1041
profound consultants,12.9,rest_england,A,True,566
lgh central,12.9,rest_england,A,True,1041
variety plus pr consulting,0.0,london,A,True,935
supreme caregivers,12.9,rest_england,A,False,726
enable physios,10.4,wales,A,True,1041
the weather company uk,12.9,rest_england,A,True,747
g a r d,27.8,scotland,A,True,1041
advanced infrastructure technology,12.9,rest_england,A,True,1041
south west motors,12.9,rest_england,A,True,1041
kau media group,12.9,rest_england,A,True,1041
commercial cross,27.8,scotland,A,True,1041
your business partner london,0.0,london,A,True,1041
judilica uk ltd t a legora,0.0,london,A,True,1
greensand health centre,12.9,rest_england,A,True,1
aseptika,12.9,rest_england,A,False,648
nippon express uk,12.9,rest_england,A,True,935
landermeads,12.9,rest_england,A,True,393
finerbase,0.0,london,A,True,747
rocky s southall ltd t a rocky s,12.9,rest_england,A,True,566
grantham visionplus limited t a specsavers,12.9,rest_england,A,True,846
maliks express cookham,12.9,rest_england,A,True,935
on sight,0.0,london,A,True,1041
day 2 interiors,0.0,london,A,True,1041
axi design engineering,12.9,rest_england,A,True,566
b rahman consultancy,0.0,london,A,False,637
hinen uk,12.9,rest_england,A,True,393
maruthi services,12.9,rest_england,A,True,935
adept international,12.9,rest_england,A,False,99
lmre,0.0,london,A,True,1041
bengal food 3 ltd t a gatley tandoori restaurant,12.9,rest_england,A,False,294
mbands,0.0,london,A,True,1041
blenheim high school,12.9,rest_england,A,True,1041
bsk dw holdings,12.9,rest_england,A,True,1041
bham pharma,12.9,rest_england,A,True,1041
miller food and wine,12.9,rest_england,A,True,1041
kae marketing intelligence,0.0,london,A,True,1041
care a lot,12.9,rest_england,A,True,1041
threshold services,14.0,ni,A,True,393
procensol consulting,12.9,rest_england,A,False,294
dokmah trading and construction,0.0,london,A,True,566
phone surgery leeds,12.9,rest_england,A,True,935
tcb 110,0.0,london,A,True,846
bs fishbar ltd t a bs fishbar,12.9,rest_england,A,True,566
kantar advisory partners,0.0,london,A,True,272
conor j walsh golf,12.9,rest_england,A,True,1041
solace comforts,12.9,rest_england,A,True,1041
kartee m international limited t a kartee m salon,0.0,london,A,True,1041
itw playworx media entertainment,0.0,london,A,False,195
croydon voluntary association for the blind,0.0,london,A,True,747
woodenways timber frames,12.9,rest_england,A,True,1041
liberty cf,0.0,london,A,False,832
volkswagen group united kingdom,12.9,rest_england,A,True,1041
tiksom,12.9,rest_england,A,True,846
mr muhammad izhar sadiq t a tollgate service station shell,12.9,rest_england,A,False,195
uber payroll,12.9,rest_england,A,True,566
mr lyan studio,0.0,london,A,True,467
e tech general trading,12.9,rest_england,A,True,1041
sitekit systems,27.8,scotland,A,True,1041
stalwart odrit achievers,12.9,rest_england,A,True,935
liquormart enterprises,12.9,rest_england,A,True,1041
whithurst park farms,12.9,rest_england,A,True,846
gosport medical centre,12.9,rest_england,A,True,1041
ics consulting,12.9,rest_england,A,True,272
stonyhurst,12.9,rest_england,A,True,1041
shree lucky jewellery pvt,12.9,rest_england,A,True,747
uk together,12.9,rest_england,A,True,1041
acme shipping logistics,12.9,rest_england,A,True,935
romazzino,12.9,rest_england,A,True,1041
de brauw blackstone westbroek london b v,0.0,london,A,True,1041
sequoia investment management,0.0,london,A,True,1041
straight arch,12.9,rest_england,A,True,935
bts in london,0.0,london,A,True,1041
g z services,12.9,rest_england,A,True,747
guru kirpa uk limited t a modernique,12.9,rest_england,A,True,1041
blue nile restaurant,12.9,rest_england,A,False,574
hvs europe,0.0,london,A,True,272
brace,12.9,rest_england,A,True,566
ikigai digital,12.9,rest_england,A,True,935
the horse education,12.9,rest_england,A,True,1041
silver tree parent,0.0,london,A,True,1041
iqgeo uk,12.9,rest_england,A,True,566
ur unified it solutions,12.9,rest_england,A,True,1041
motability operations,12.9,rest_england,A,True,1041
tsd lancashire limited t a oodles,12.9,rest_england,A,False,832
kp pankhania,12.9,rest_england,A,True,935
ryder davies and partners,12.9,rest_england,A,True,935
sr mailing,12.9,rest_england,A,True,272
sea shell heathrow,12.9,rest_england,A,True,1041
range interiors nw,12.9,rest_england,A,True,747
huntcliff surgery,12.9,rest_england,A,True,566
alliott wingham,12.9,rest_england,A,True,272
pete s banbury,12.9,rest_england,A,True,566
big t s chippy,12.9,rest_england,A,True,935
smar construction,12.9,rest_england,A,True,566
statsbomb services,12.9,rest_england,A,False,475
international baccalaureate organization uk,10.4,wales,A,True,1041
smile design centre ltd t a moti smile design centre,12.9,rest_england,A,True,1041
minster care management limted,12.9,rest_england,A,False,106
maas hypermarket,12.9,rest_england,A,True,467
mexe nw,12.9,rest_england,A,True,846
skwiot auto services,12.9,rest_england,A,True,1041
everyone tv,0.0,london,A,True,467
roxow,12.9,rest_england,A,True,846
marmalade restaurants,12.9,rest_england,A,True,1041
retail source ltd chester,12.9,rest_england,A,True,566
yaex legal consulting and service,12.9,rest_england,A,True,935
maple lime,27.8,scotland,A,True,1041
sri lanka street food,12.9,rest_england,A,True,747
alpha cure,12.9,rest_england,A,True,1041
enroly,0.0,london,A,True,1041
khnms,0.0,london,A,True,467
mrge,0.0,london,A,True,209
southcrest care,12.9,rest_england,A,True,1041
bkw instruments,12.9,rest_england,A,True,846
south bank hotel management,0.0,london,A,True,1041
amora care,12.9,rest_england,A,True,846
ty mawr nursing home,10.4,wales,A,True,209
dewan removal services,0.0,london,A,True,935
mpgk solutions limited t a caleiro,12.9,rest_england,A,False,832
jasjas1 limited t a sanjha,12.9,rest_england,A,True,846
goldsmith personnel,0.0,london,A,True,1041
metro food and wine,12.9,rest_england,A,True,846
techrelate,0.0,london,A,True,935
adept consulting uk,12.9,rest_england,A,True,1041
cargo management services uk,12.9,rest_england,A,False,1
food standards agency,12.9,rest_england,A,True,1041
charndra stores,0.0,london,A,True,747
harper macleod,27.8,scotland,A,True,467
nela london,0.0,london,A,True,272
hightekers services,0.0,london,A,True,1041
platned syngco,12.9,rest_england,A,False,106
devsankalp limited t a tilbury post office,12.9,rest_england,A,True,935
best transmission,12.9,rest_england,A,True,846
caterham cars,12.9,rest_england,A,True,1
psi services uk,0.0,london,A,True,846
carebrook,0.0,london,A,True,1041
manchester marriott hotel piccadilly,12.9,rest_england,A,True,1
gulf bahrain,12.9,rest_england,A,True,566
lsak,12.9,rest_england,A,True,393
tonelist productions,0.0,london,A,True,846
ljw private,12.9,rest_england,A,True,935
tallisdom healthcare,12.9,rest_england,A,True,846
florebright care,12.9,rest_england,A,True,1041
midco care,0.0,london,A,True,1041
hidden poem,0.0,london,A,True,566
all saints green dental clinic,12.9,rest_england,A,True,1041
banat food group,12.9,rest_england,A,True,747
hall partners europe,0.0,london,A,True,1041
tyddyn llan,12.9,rest_england,A,True,209
cellar door creative,12.9,rest_england,A,True,1041
dummond hotel,12.9,rest_england,A,True,747
sahar fried grill chicken ashton,12.9,rest_england,A,True,1041
ls city store,12.9,rest_england,A,True,846
tylorstown convenience store,12.9,rest_england,A,True,935
marvin s magic,12.9,rest_england,A,True,209
chickaros hodge hill,12.9,rest_england,A,True,846
asahi europe international,12.9,rest_england,A,True,1041
metropolis hairdressing,12.9,rest_england,A,True,1041
luxottica north europe,0.0,london,A,True,1041
savio services,12.9,rest_england,A,False,188
3rdi,0.0,london,A,True,1041
ece london,0.0,london,A,True,1041
immns ltd t a royal tandoori,12.9,rest_england,A,True,846
kintra veterinary services,12.9,rest_england,A,True,1041
nhoa uk,0.0,london,A,True,935
capital uk group services,12.9,rest_england,A,True,935
venturi healthcare,12.9,rest_england,A,True,1041
yaadgaar,12.9,rest_england,A,True,1041
shah co accountants,12.9,rest_england,A,True,935
slough autocare,12.9,rest_england,A,True,846
sight diagnostics uk,12.9,rest_england,A,False,475
clean growth investment management,0.0,london,A,True,747
bethany house,12.9,rest_england,A,True,566
maritime strategies international,0.0,london,A,True,1041
splento,0.0,london,A,True,1041
focus cloud,12.9,rest_england,A,True,566
tedla healthcare,12.9,rest_england,A,True,935
gevisser law,12.9,rest_england,A,False,769
ice boba,12.9,rest_england,A,True,747
northern escalator installations,12.9,rest_england,A,True,1041
scope events,12.9,rest_england,A,True,1041
loyal service transport,12.9,rest_england,A,True,747
little rock equine vets,12.9,rest_england,A,True,1
lookout,12.9,rest_england,A,True,1041
brama care,12.9,rest_england,A,True,1041
belfast 9046,14.0,ni,A,True,1
casbens supported living community and home support services,12.9,rest_england,A,True,1041
rajes trade,12.9,rest_england,A,True,1041
hydrotechnik test engineering uk,12.9,rest_england,A,True,846
rentably,12.9,rest_england,A,True,1041
adina home care service,12.9,rest_england,A,True,1041
ports facilities projects nig,12.9,rest_england,A,True,1041
car wash city,12.9,rest_england,A,True,935
dabmoo limited t a nisa local,12.9,rest_england,A,True,566
accor uk,0.0,london,A,True,1041
the butt karahi,12.9,rest_england,A,True,467
kintyre development,27.8,scotland,A,True,1041
elanders,12.9,rest_england,A,True,846
the queensway surgery,12.9,rest_england,A,True,1041
afdhal hussain sanitary contracting uk,12.9,rest_england,A,True,272
uipath uk,0.0,london,A,True,1041
magbin construction and cleaning,0.0,london,A,True,747
dynamify,0.0,london,A,True,1041
pinnacle internet marketing,10.4,wales,A,True,935
unilin distribution,12.9,rest_england,A,True,1041
reit property,0.0,london,A,True,393
pop in private,12.9,rest_england,A,True,1041
animal aircare,12.9,rest_england,A,True,1041
hemesh filings uk,12.9,rest_england,A,True,935
castleton commodities uk,0.0,london,A,True,1041
gemfields,0.0,london,A,True,1041
artesian transformational leadership,12.9,rest_england,A,True,1041
phone techno,12.9,rest_england,A,True,566
comedic,12.9,rest_england,A,True,1041
nagashima ohno tsunematsu uk,0.0,london,A,True,1
choosing keeping,0.0,london,A,True,272
t i professional services,12.9,rest_england,A,True,1041
leapwise,0.0,london,A,True,1041
university centre somerset college group,12.9,rest_england,A,True,1
farnborough food wine,12.9,rest_england,A,True,1
gourmet junction ltd t a grill hut peri peri,12.9,rest_england,A,False,453
manzil and,0.0,london,A,True,1041
the glen nursing home,12.9,rest_england,A,True,1041
equiniti,12.9,rest_england,A,True,1041
ecrebo,12.9,rest_england,A,False,106
asia palace rental,12.9,rest_england,A,True,1041
kaleidoscope learning trust,12.9,rest_england,A,True,1
dynamo capital,0.0,london,A,True,1041
the gaitway organisation,12.9,rest_england,A,True,1041
irvingq,12.9,rest_england,A,True,747
think what,0.0,london,A,False,1
plus point care,12.9,rest_england,A,False,648
sannico service station,12.9,rest_england,A,True,935
yourstaff recruitment,12.9,rest_england,A,True,935
mobinic,12.9,rest_england,A,True,1041
smc pharma services,12.9,rest_england,A,True,747
kaiasm,12.9,rest_england,A,True,1041
impact operations,12.9,rest_england,A,True,1041
slippery drinks ltd t a the tamil prince,0.0,london,A,True,1
ajt dimsum,0.0,london,A,False,832
berryfields brew limited t a esquires coffee,12.9,rest_england,A,True,1041
the misbah limited t a misbah,10.4,wales,A,True,1041
isle of wight nhs trust,10.4,wales,A,True,1041
qatalyst partners,0.0,london,A,True,1041
worthing visionplus ltd t a specsavers opticians,12.9,rest_england,A,True,1041
hybridx,12.9,rest_england,A,True,272
kromek,12.9,rest_england,A,True,1041
vasily enterprises ltd ta the back pain centre,0.0,london,A,False,1
joseph griggs and,12.9,rest_england,A,True,846
arney fender katsalidis,0.0,london,A,True,1041
tower sanctuary housing association,12.9,rest_england,A,True,1041
melbury dry cleaners,0.0,london,A,True,935
hardgrave farm dumfries,12.9,rest_england,A,True,1041
peter eastwood plants,12.9,rest_england,A,True,846
mitratech hotdocs uk,12.9,rest_england,A,True,1
picnic ventures,0.0,london,A,True,1041
mac grocers,12.9,rest_england,A,True,393
innventure,12.9,rest_england,A,True,935
chadderton healthcare,12.9,rest_england,A,True,747
harley street dental clinic,0.0,london,A,True,1041
pak butchers yorkshire,12.9,rest_england,A,True,566
aa super food services,12.9,rest_england,A,True,935
care first services,12.9,rest_england,A,True,1
kid glove international,0.0,london,A,False,769
the wellcome trust limited as trustee of the wellcome trust,60.6,london,other,True,1041
omkaar systems,12.9,rest_england,A,True,1041
juniper court care,12.9,rest_england,A,True,1041
brand traction,0.0,london,A,True,1
bull ring fashion,12.9,rest_england,A,True,1041
oak nest children s homes,12.9,rest_england,A,True,209
mml uk advisor,0.0,london,A,True,1
bsscm uk,0.0,london,A,True,747
advanced electric machines research,12.9,rest_england,A,True,1041
shaftesbury,0.0,london,A,False,294
double five hospitality,12.9,rest_england,A,True,1041
fortune media group uk,12.9,rest_england,A,True,1041
nexarise european services,12.9,rest_england,A,False,769
kens electrical property services,12.9,rest_england,A,True,846
swansea bay home care services,10.4,wales,A,True,1041
lambeth care services,0.0,london,A,True,1041
green mountain dc uk,12.9,rest_england,A,True,566
ayaan properties management,12.9,rest_england,A,True,467
supafoot cheltenham,12.9,rest_england,A,True,1
m mworkforceltd,12.9,rest_england,A,True,272
h2h save more,12.9,rest_england,A,True,935
crespa networking,12.9,rest_england,A,False,1
cream temptations ltd t a crollas gelateria,27.8,scotland,A,True,1041
morji,12.9,rest_england,A,True,846
e taxi,12.9,rest_england,A,True,566
mann hummel uk,12.9,rest_england,A,True,1041
wahad doner,12.9,rest_england,A,False,173
dkr services consultancy,12.9,rest_england,A,True,935
wolters kluwer financial services uk,0.0,london,A,True,1041
polar capital partners,0.0,london,A,True,1041
temis luxury uk,12.9,rest_england,A,True,272
big cat,12.9,rest_england,A,False,63
lancashire services,12.9,rest_england,A,True,1041
linet uk,12.9,rest_england,A,True,1041
early bird education,14.0,ni,A,True,1041
vs wine,12.9,rest_england,A,True,1041
china healthcare uk,12.9,rest_england,A,True,1041
launch robotics,12.9,rest_england,A,True,393
unleashed company london,12.9,rest_england,A,True,1041
thaal knottingley limited t a thaal brotherton,12.9,rest_england,A,True,1041
physio assist,12.9,rest_england,A,True,846
technical detail,12.9,rest_england,A,True,1041
zero carbon capital,12.9,rest_england,A,True,1041
rose beauty sole trader,0.0,london,A,True,846
mr nadarajah naguleswaran t a best one,12.9,rest_england,A,True,1041
attis zeus,12.9,rest_england,A,True,1041
south west london integrated care board,12.9,rest_england,A,True,1041
beyond corporate,12.9,rest_england,A,True,1041
corvus london,0.0,london,A,True,467
5y technology,12.9,rest_england,A,True,1041
lewisham bed centre,12.9,rest_england,A,True,935
the dental centre chichester,12.9,rest_england,A,True,1041
britgreen energy,12.9,rest_england,A,True,846
real village feast,12.9,rest_england,A,True,1041
all promoted uk,12.9,rest_england,A,True,846
lizard landscape design,12.9,rest_england,A,True,1041
ak parcel services,12.9,rest_england,A,True,1041
medix pharmacy,12.9,rest_england,A,True,747
marshall s traditional chippy,12.9,rest_england,A,True,747
bitmap bureau,12.9,rest_england,A,True,1041
mr t balarajah t a rise park food wine,12.9,rest_england,A,True,209
normanton lodge care ltd t as normanton lodge care home,12.9,rest_england,A,True,846
goodwin hartshorn,0.0,london,A,True,1041
bornel care,12.9,rest_england,A,True,566
netelz,12.9,rest_england,A,True,393
the alan turing institute,0.0,london,A,True,1041
reddy s 2,12.9,rest_england,A,True,393
trans asia energy services uk,27.8,scotland,A,True,1041
points of view,0.0,london,A,True,935
sansaineel,12.9,rest_england,A,True,1041
the clavadel guildford,12.9,rest_england,A,True,1041
bergam,0.0,london,A,False,538
perim,12.9,rest_england,A,True,747
tripleseal i g,0.0,london,A,True,1041
rosetti marino uk,0.0,london,A,True,566
acorn watford,12.9,rest_england,A,True,846
ladies european golf venture,12.9,rest_england,A,True,1041
signorelli s deli,12.9,rest_england,A,True,1041
testdel uk,12.9,rest_england,A,True,1041
npl management,12.9,rest_england,A,True,1041
paramasamy navaneetharasa t as bargain booze,12.9,rest_england,A,True,272
mcd international,0.0,london,A,False,475
sadman vape store,0.0,london,A,True,272
pakistan international airlines,12.9,rest_england,A,True,1041
carisbrooke shipping,12.9,rest_england,A,True,566
intolive,0.0,london,A,True,1041
p p joiners,12.9,rest_england,A,True,846
origin uk energy services,12.9,rest_england,A,True,272
wealth dynamix,0.0,london,A,False,1
hackajob,0.0,london,A,True,747
rioned uk,12.9,rest_england,A,True,272
kanaj designs,12.9,rest_england,A,True,935
commcorde solutions,0.0,london,A,True,1
spencer street surgery,12.9,rest_england,A,True,1041
whitcombe shaftesbury,0.0,london,A,True,1041
ombre tech,12.9,rest_england,A,False,1
vitapoint,12.9,rest_england,A,True,1041
hm enterprises mcr,12.9,rest_england,A,True,1041
symfos,0.0,london,A,True,1
capper trading,12.9,rest_england,A,True,747
impact fork trucks,12.9,rest_england,A,False,195
hinchley wood learning partnership,12.9,rest_england,A,True,1041
paragon healthcare york,12.9,rest_england,A,True,1
st michael s manor hotel,12.9,rest_england,A,True,1041
pjs building maintenance,12.9,rest_england,A,True,1041
duadata limited t a mooboo,0.0,london,A,True,566
farm traders,0.0,london,A,True,393
brierley care,12.9,rest_england,A,True,846
tasty treats tasty,0.0,london,A,True,747
fedrigoni u k,12.9,rest_england,A,True,1041
helloklean,0.0,london,A,True,846
optima hci,12.9,rest_england,A,True,1041
ubertas care homes,12.9,rest_england,A,True,1041
sc technology,0.0,london,A,True,747
bending spoons operations s p a uk branch,0.0,london,A,True,272
naan house,0.0,london,A,True,1041
simmons simmons,0.0,london,A,True,1041
turner lovell,12.9,rest_england,A,True,393
the berk,12.9,rest_england,A,True,566
alpini uk,0.0,london,A,True,846
the photographic workshop,0.0,london,A,True,1041
scribe labs,0.0,london,A,True,935
rr restaurant limited t a red rose restaurant,12.9,rest_england,A,True,1041
luton business hub,12.9,rest_england,A,True,1041
allfocal optics,12.9,rest_england,A,True,467
vibrant business services,12.9,rest_england,A,True,935
northfield stores,12.9,rest_england,A,True,935
leela mart,12.9,rest_england,A,True,747
cressington wine,12.9,rest_england,A,True,935
unique barber,12.9,rest_england,A,True,935
econavis solutions,27.8,scotland,A,True,1
dandara uk services ltd t a dandara,12.9,rest_england,A,True,272
altun retail,0.0,london,A,True,1041
a and s car wash,12.9,rest_england,A,True,1041
netcox,0.0,london,A,False,1
chartiq uk,0.0,london,A,True,1041
safe and sound care,0.0,london,A,True,1041
accelerate newco,12.9,rest_england,A,True,1
akron healthcare,12.9,rest_england,A,True,566
ensono,12.9,rest_england,A,True,1041
derby tyre services,12.9,rest_england,A,True,935
gillingham news,12.9,rest_england,A,True,1041
illusionsign,12.9,rest_england,A,True,1041
mayfield nursery,0.0,london,A,True,1041
top notch healthcare services,0.0,london,A,True,1041
reddie design,0.0,london,A,True,1
parminder singh shergill t a the angel inn,12.9,rest_england,A,True,1041
solace prime care,12.9,rest_england,A,True,747
thallo,12.9,rest_england,A,True,1041
invent partners,12.9,rest_england,A,True,272
building energy experts,12.9,rest_england,A,True,1
international education organisation,0.0,london,A,True,935
zerco investments,0.0,london,A,False,538
care remedies,12.9,rest_england,A,False,832
prime health diagnostics,12.9,rest_england,A,True,846
fine pharma uk,12.9,rest_england,A,True,747
chidoru,12.9,rest_england,A,True,272
commonwealth coaches,12.9,rest_england,A,True,566
brewood medical practice,12.9,rest_england,A,True,1041
bristol housing and support,12.9,rest_england,A,True,1041
worldware,12.9,rest_england,A,False,354
maslow capital uk,0.0,london,A,True,566
advent international,0.0,london,A,True,1041
awan medics,12.9,rest_england,A,False,74
malvern hill express,12.9,rest_england,A,True,747
sns food and wines,12.9,rest_england,A,True,747
pollinate international,0.0,london,A,True,1041
3 em,12.9,rest_england,A,True,393
laj investments,0.0,london,A,True,1041
oxitec,12.9,rest_england,A,False,832
pynnacle assets,12.9,rest_england,A,True,1041
healthcare europa,0.0,london,A,True,272
inmeals ltd t a rossi s original,10.4,wales,A,True,1041
billers local,12.9,rest_england,A,True,846
ailux group,0.0,london,A,True,393
shawton,12.9,rest_england,A,True,1041
managing care,12.9,rest_england,A,True,1041
dawn global management,0.0,london,A,True,1041
jish and roy foods,12.9,rest_england,A,True,747
moganti solutions,12.9,rest_england,A,False,832
accountant on duty,12.9,rest_england,A,True,1041
forest hill golf club,12.9,rest_england,A,True,272
hai robotics u k,12.9,rest_england,A,True,935
bangholm medical centre,27.8,scotland,A,True,1
ethical caffeine,0.0,london,A,True,747
mak halal walsall,12.9,rest_england,A,True,1041
cdll,0.0,london,A,True,1041
all care south wales,12.9,rest_england,A,True,935
elanworth,0.0,london,A,True,1041
national oilwell varco uk,27.8,scotland,A,True,1041
panas hospitality,12.9,rest_england,A,True,467
bong event,12.9,rest_england,A,True,935
aeronox,12.9,rest_england,A,True,1041
p turley sons t a flax turleys,14.0,ni,A,True,1
mount st mary s catholic high school,12.9,rest_england,A,True,846
axetrading,0.0,london,A,True,1041
ney,12.9,rest_england,A,True,1041
city college plymouth,12.9,rest_england,A,True,1041
eminens consulting,12.9,rest_england,A,True,1041
sri nidhi associates,27.8,scotland,A,True,1041
sestini,12.9,rest_england,A,True,1041
sabina hair cosmetics tooting,0.0,london,A,True,846
sterling essence care,12.9,rest_england,A,True,846
wensleydale dental practice,12.9,rest_england,A,True,935
essex community foundation,12.9,rest_england,A,True,272
priory view medical centre,12.9,rest_england,A,True,566
fibrelite composites,12.9,rest_england,A,True,1041
experts zone limited t a irepair,12.9,rest_england,A,True,1041
alliance francaise d oxford,12.9,rest_england,A,True,1041
artlogic media,0.0,london,A,True,1041
alb accounting,0.0,london,A,True,1041
payrnet,0.0,london,A,True,935
a g mobile repairs,10.4,wales,A,True,935
dishu private ltd t a oldland convenience store,12.9,rest_england,A,True,1
museum of east asian art,12.9,rest_england,A,True,1041
liya technologies,12.9,rest_england,A,True,1041
lothian healthcare services,12.9,rest_england,A,False,475
serenity point,0.0,london,A,True,1041
msputtu,10.4,wales,A,True,846
market securities,0.0,london,A,True,1041
ji leeds ltd trading as the chicken shop,12.9,rest_england,A,True,1041
pbg associates,12.9,rest_england,A,True,1041
amran and brothers,12.9,rest_england,A,True,1041
national logistics group,0.0,london,A,True,846
freejackpot,0.0,london,A,True,747
msv trading ltd ta brookside convenience store,12.9,rest_england,A,True,467
bs care,12.9,rest_england,A,True,1041
the village shoppe limited t a the village shop,0.0,london,A,True,1041
pegasys,0.0,london,A,True,1041
m o courier,0.0,london,A,True,935
borer data systems,12.9,rest_england,A,True,1041
ritkom limited t a weston convenience store,12.9,rest_england,A,True,1041
abdul kadir t a auto master,0.0,london,A,True,846
roman catholic diocese of aberdeen,27.8,scotland,A,True,566
springfield care sunderland,12.9,rest_england,A,True,272
stonebridge nursing home,12.9,rest_england,A,True,1041
ely place partners,0.0,london,A,True,1041
abatam,12.9,rest_england,A,True,1041
kln freight uk,12.9,rest_england,A,True,1
express group construction,12.9,rest_england,A,True,747
eurocell group,12.9,rest_england,A,True,1041
interactive transaction solutions,12.9,rest_england,A,True,566
restan uk,12.9,rest_england,A,True,566
eco cyclone,0.0,london,A,True,467
juliet foods,12.9,rest_england,A,False,369
grill zone,12.9,rest_england,A,True,846
bp staffordshire,12.9,rest_england,A,False,574
nature s consultancy,12.9,rest_england,A,True,566
maison uk consulting,12.9,rest_england,A,False,648
tama u k,12.9,rest_england,A,True,1041
eat repeat,12.9,rest_england,A,True,1041
macarthur barstow and gibbs,12.9,rest_england,A,True,1041
firmament capital advisors uk,0.0,london,A,True,272
nva hospitality limited t a the old golf house hotel,12.9,rest_england,A,True,1041
sunrise real estate,0.0,london,A,True,1041
high street premier,12.9,rest_england,A,True,935
beyondlaboratory,0.0,london,A,True,1041
peak ndt,12.9,rest_england,A,True,1041
shivson,12.9,rest_england,A,True,1
lahorigrill,0.0,london,A,True,566
the leap bradford cic,12.9,rest_england,A,True,566
insightful brands t a hip pop,12.9,rest_england,A,True,1
innovate42,0.0,london,A,True,747
jass builder,12.9,rest_england,A,True,1
aria fertility,0.0,london,A,True,1041
rushden academy,12.9,rest_england,A,True,1041
k b wm ltd ta kings balti,12.9,rest_england,A,True,1041
albatross education,0.0,london,A,True,1041
instance save,0.0,london,A,True,1041
ociusnet uk,12.9,rest_england,A,False,195
best brilliant,12.9,rest_england,A,True,846
bagh hussain sons ltd whole fruits vegies,12.9,rest_england,A,False,357
redwan uk limited t a red onion,12.9,rest_england,A,False,637
budgetbargainz,12.9,rest_england,A,True,1041
zephr,0.0,london,A,False,1
natural innovations,12.9,rest_england,A,True,1
penns mount,12.9,rest_england,A,True,846
saab seaeye,12.9,rest_england,A,True,1041
quarto publishing,0.0,london,A,True,1041
crystals r us,12.9,rest_england,A,True,272
eerlun edu,0.0,london,A,True,846
jala news,12.9,rest_england,A,True,1041
averge technologies uk,12.9,rest_england,A,True,1041
revlon international corporation,0.0,london,A,True,1041
newday cards,0.0,london,A,True,1041
charlie drink limited t a high street news,12.9,rest_england,A,True,747
starbucks emea,0.0,london,A,True,1041
oxford gene technology ip,12.9,rest_england,A,True,1041
scrumly,0.0,london,A,True,747
alma medical centre,12.9,rest_england,A,True,1041
dipali cuisine,12.9,rest_england,A,True,1041
quest recovery services,0.0,london,A,True,1041
harriston homes,0.0,london,A,True,1041
aperture media,12.9,rest_england,A,True,846
trading 212 uk,0.0,london,A,True,1041
firvale community hub,12.9,rest_england,A,True,209
turkz,0.0,london,A,True,747
bells home care,12.9,rest_england,A,True,1041
asper marble and granite,12.9,rest_england,A,True,566
kavi coffee management,12.9,rest_england,A,True,846
west fish bar,12.9,rest_england,A,True,1041
newmarket curry,12.9,rest_england,A,False,475
cream iii,12.9,rest_england,A,True,1
dot signs prints,12.9,rest_england,A,True,935
mcaleer rushe contracts uk,0.0,london,A,True,1041
civic care,0.0,london,A,True,209
zondar china energy technology,0.0,london,A,True,566
sufian halal meat,12.9,rest_england,A,True,747
ha trim,12.9,rest_england,A,False,538
thai sea,12.9,rest_england,A,True,1041
a connect solution uk,0.0,london,A,True,1041
tnb garrison early years play,12.9,rest_england,A,True,1041
ely court care home,10.4,wales,A,False,832
sarla advantech private limited t a sarla advantech uk,12.9,rest_england,A,True,1041
wessex pet care,12.9,rest_england,A,True,1
athlone care,12.9,rest_england,A,True,1041
dmrr investment,0.0,london,A,True,1041
zaika stroud,12.9,rest_england,A,True,935
craigend licensed grocers,27.8,scotland,A,False,181
m n accountants,0.0,london,A,True,393
icm investment management,12.9,rest_england,A,True,1041
whmm,12.9,rest_england,A,True,1041
tablehurst farm,12.9,rest_england,A,True,935
wiseenergy great britain,0.0,london,A,True,935
reventas,12.9,rest_england,A,True,1041
sims haulage,12.9,rest_england,A,True,1
barton house medical practice,12.9,rest_england,A,True,747
safe house plumbing ltd t a safe house,12.9,rest_england,A,False,294
training power,0.0,london,A,False,475
ucpc,12.9,rest_england,A,True,1041
bourne education trust,12.9,rest_england,A,True,1041
kensington health clinic,0.0,london,A,True,1041
mayfair london,12.9,rest_england,A,True,935
fietta,0.0,london,A,True,1041
backup data,12.9,rest_england,A,True,566
h menzies trading,0.0,london,A,True,1041
balyasny europe asset management,0.0,london,A,False,106
sw7 services uk,0.0,london,A,True,1041
catch digital,0.0,london,A,True,1041
northern leaders trust,12.9,rest_england,A,True,566
network point,0.0,london,A,True,272
mb embroidery london,0.0,london,A,True,935
r k restaurant,10.4,wales,A,True,935
daily crave 92,12.9,rest_england,A,True,846
mapdec,12.9,rest_england,A,True,393
leek bar and grill,12.9,rest_england,A,True,1041
millburn international europe,0.0,london,A,True,209
bridge investments holdings,0.0,london,A,False,648
n s fresh 4 ltd t a subway,12.9,rest_england,A,True,1041
cognitran,12.9,rest_england,A,False,832
fashion bargain,0.0,london,A,True,935
threeoaks properties,12.9,rest_england,A,True,209
lyra 15,12.9,rest_england,A,True,467
the wooden pantry ltd t a have an avo,0.0,london,A,True,1041
standard biotools uk,0.0,london,A,True,1041
nivtar distribution,12.9,rest_england,A,True,1041
beauty heaven sussex,12.9,rest_england,A,True,935
climate asset management,0.0,london,A,True,1041
telana,12.9,rest_england,A,True,1
challoch farm,12.9,rest_england,A,True,1041
calcinotto,12.9,rest_england,A,True,1041
verallia uk,12.9,rest_england,A,True,1041
nile uk service,0.0,london,A,True,1041
animal plant and health agency,12.9,rest_england,A,True,1041
quera computing uk,12.9,rest_england,A,True,566
studio boum,0.0,london,A,True,1041
fibron bx,12.9,rest_england,A,True,1041
tongyi uk,12.9,rest_england,A,True,747
vincent hannon associates,14.0,ni,A,True,467
lifecog,12.9,rest_england,A,True,209
pure sports medicine,0.0,london,A,True,1041
rozzzy s,12.9,rest_england,A,False,769
uk property advisors,0.0,london,A,False,106
ff london,12.9,rest_england,A,True,1041
thatziki,12.9,rest_england,A,True,272
movemates logistics,12.9,rest_england,A,True,209
churchmere medical group formerly ellesmere medical practice,12.9,rest_england,A,True,1041
supplican group ltd t a,12.9,rest_england,A,True,1041
beacon multi academy trust,12.9,rest_england,A,True,1041
courtney thorne,12.9,rest_england,A,True,272
far uk,12.9,rest_england,A,True,1041
wales england care,12.9,rest_england,A,True,747
suffah services,12.9,rest_england,A,True,1041
london airport drive,12.9,rest_england,A,True,1041
fs barrawaz uk,12.9,rest_england,A,True,1041
trimming shop 007,12.9,rest_england,A,True,1041
boomer industries,12.9,rest_england,A,True,846
aria intelligence,0.0,london,A,True,935
qioptiq photonics,12.9,rest_england,A,True,1041
patel son construction,0.0,london,A,True,566
s s store,10.4,wales,A,True,1041
palms row healthcare,12.9,rest_england,A,True,1041
abas solutions,12.9,rest_england,A,True,1041
oxehealth,12.9,rest_england,A,True,1041
purple lion day nurseries buckhurst hill,0.0,london,A,True,1
cicor hartlepool,12.9,rest_england,A,True,747
elite support providers,12.9,rest_england,A,True,1041
gurkha stores,12.9,rest_england,A,True,467
arnek advisors,12.9,rest_england,A,False,99
phone 4 me london,0.0,london,A,True,747
sigma connected group,12.9,rest_england,A,True,393
star angel care,0.0,london,A,True,1041
leadenhall capital partners,0.0,london,A,True,566
marigold mg1,12.9,rest_england,A,True,1
mega mart bolton,12.9,rest_england,A,True,747
melin energy consultants,10.4,wales,A,True,209
sterling pharmaceuticals,12.9,rest_england,A,True,1041
vmn stores,10.4,wales,A,True,846
camphill community holywood,12.9,rest_england,A,True,393
lmr property,12.9,rest_england,A,True,747
grovebury,0.0,london,A,True,209
whumzee group,12.9,rest_england,A,True,272
barrier architectural services,12.9,rest_england,A,True,846
mithilasmita uk arts,0.0,london,A,True,393
24 acoustics,12.9,rest_england,A,True,272
st catherine s school,12.9,rest_england,A,True,1041
solomons rochdale,12.9,rest_england,A,False,574
the fort glasgow specsavers hearcare,27.8,scotland,A,True,1041
phfa,0.0,london,A,False,648
gill akaster llp solicitors t a ga solicitors,12.9,rest_england,A,True,1041
baseera,0.0,london,A,True,747
wideopen medical centre,12.9,rest_england,A,True,1041
cybertots,0.0,london,A,True,935
jms engineers london,0.0,london,A,True,1041
mont rose college of management and sciences,12.9,rest_england,A,True,1041
reeda safety ltd t a building transformation,12.9,rest_england,A,True,747
garston trading,12.9,rest_england,A,True,846
panther partners,0.0,london,A,False,648
nusuki london,0.0,london,A,True,566
protax consultants,0.0,london,A,True,1041
hsb portobello,27.8,scotland,A,True,467
morgan french,12.9,rest_england,A,True,1041
dom uk,12.9,rest_england,A,True,393
victoria medical centre,12.9,rest_england,A,True,1041
sunotec uk,12.9,rest_england,A,True,1
yasmin spice ltd t a shimla,12.9,rest_england,A,True,846
zigzag education,12.9,rest_england,A,True,1041
support horizons community interest,12.9,rest_england,A,True,846
western brand poultry products ni,12.9,rest_england,A,True,393
smart solutions b2b,12.9,rest_england,A,True,1041
corsica studios,0.0,london,A,True,566
larkin consulting group,12.9,rest_england,A,True,1041
kc headquarters,12.9,rest_england,A,True,846
moorlands learning trust,12.9,rest_england,A,True,393
vitra u k,12.9,rest_england,A,True,1041
clarendon glazing,12.9,rest_england,A,True,747
dpv uk,12.9,rest_england,A,True,1041
diona uk,12.9,rest_england,A,True,1041
lion s head group,0.0,london,A,False,1
heat genius ltd t a genius hub,12.9,rest_england,A,True,935
classic persian restaurant bradford,12.9,rest_england,A,True,1041
fm capital partners,0.0,london,A,False,294
ry solutions,12.9,rest_england,A,True,846
eaton bray stores,12.9,rest_england,A,True,566
macglobal services,0.0,london,A,False,181
jack grace,12.9,rest_england,A,True,846
weston importers,12.9,rest_england,A,True,1041
conilon ltd trading as black sheep coffee,0.0,london,A,True,1041
stepping stones academy childcare,12.9,rest_england,A,True,1
pfp specialists,12.9,rest_england,A,True,747
sunrise systems,12.9,rest_england,A,True,1041
mo s barber derby,12.9,rest_england,A,True,1041
rwg healthcare,27.8,scotland,A,True,747
ally s balti house,12.9,rest_england,A,True,1041
adastra retail,12.9,rest_england,A,True,846
harborne medical,12.9,rest_england,A,True,467
pinnacle growth group,12.9,rest_england,A,True,1041
freelancer outsourcing uk,0.0,london,A,True,1041
kingston dental laboratory,12.9,rest_england,A,True,566
faith stones,12.9,rest_england,A,True,1041
archaeological management solutions ltd ams,12.9,rest_england,A,True,393
scienco,12.9,rest_england,A,True,846
hessle properties,12.9,rest_england,A,True,935
svsb bakery,12.9,rest_england,A,True,1
the cottage bakery thame,12.9,rest_england,A,True,747
opella healthcare uk,12.9,rest_england,A,True,467
dataslice,12.9,rest_england,A,True,467
international expos,0.0,london,A,True,1041
the giving department,0.0,london,A,True,935
mercedes benz cars uk,12.9,rest_england,A,True,935
tempion,12.9,rest_england,A,True,846
oryx align,0.0,london,A,True,1041
beckett rankine,0.0,london,A,True,1041
windrush medical practice,12.9,rest_england,A,True,935
digital fuse,0.0,london,A,False,1
kpsr,12.9,rest_england,A,True,1
medigold health consultancy,12.9,rest_england,A,True,1041
nillkanth uk,12.9,rest_england,A,True,1041
t p media,0.0,london,A,True,272
tanaz godiwalla foods private uk,12.9,rest_england,A,True,935
mattioli woods,12.9,rest_england,A,True,1041
clearspring,0.0,london,A,True,1041
criccieth spice,12.9,rest_england,A,True,1041
london borough of sutton,12.9,rest_england,A,True,1041
hamish powell studio,0.0,london,A,True,1
wimbledon dental practice,0.0,london,A,True,566
state street bank and trust,0.0,london,A,True,1041
yorton farm stud,12.9,rest_england,A,True,1
pharmplex,12.9,rest_england,A,True,1041
e j eatery limited t a spice fusion,12.9,rest_england,A,True,1041
walkers europe,0.0,london,A,True,1041
cab automotive,12.9,rest_england,A,True,566
85 secret garden,12.9,rest_england,A,True,1041
llandudno smiles,12.9,rest_england,A,True,566
futerra,0.0,london,A,True,1041
cobb farming,12.9,rest_england,A,True,1041
ccg decorators,12.9,rest_england,A,True,1041
oakley wine agencies,12.9,rest_england,A,True,935
srm tech solutions,12.9,rest_england,A,True,272
avs news,10.4,wales,A,True,935
lightbowne road,12.9,rest_england,A,True,1041
espinas group ltd t a home instead crowborough,12.9,rest_england,A,True,1041
eurolaser it,12.9,rest_england,A,True,1041
cw,0.0,london,A,True,467
the vineyard at stockcross,12.9,rest_england,A,False,648
bella spice,12.9,rest_england,A,True,1
dr khuroo s practice,12.9,rest_england,A,False,1
west worthing po,12.9,rest_england,A,True,1041
nin local supermarket,0.0,london,A,True,1041
freedom centre,12.9,rest_england,A,True,566
fh metal,0.0,london,A,True,846
hare food wine ltd t a j j news,0.0,london,A,True,747
the compatriot,12.9,rest_england,A,True,935
alexander james contracts,12.9,rest_england,A,True,566
disturbing london,0.0,london,A,True,1041
the doting carers,12.9,rest_england,A,True,1041
dinos pizza nottm,12.9,rest_england,A,True,747
daisybank day nursery,12.9,rest_england,A,True,272
prima medical,12.9,rest_england,A,True,935
black eden,12.9,rest_england,A,True,566
whites community care belper,12.9,rest_england,A,False,726
enbw generation uk,0.0,london,A,True,1041
ebs2fusion,12.9,rest_england,A,True,846
perfect subs,12.9,rest_england,A,True,1041
mehregan,0.0,london,A,True,566
yummy zaika ltd t a karahi wok,12.9,rest_england,A,True,1041
swj technology uk,12.9,rest_england,A,True,209
makor securities london,0.0,london,A,True,1041
bdm ads,0.0,london,A,True,566
new code uk,27.8,scotland,A,True,1041
s k fastfoods,12.9,rest_england,A,True,747
phonehub io,12.9,rest_england,A,True,1041
kataria leicester,12.9,rest_england,A,True,467
cullercoats tandoori,12.9,rest_england,A,True,747
my uniform,12.9,rest_england,A,True,566
sports entertainment group uk,0.0,london,A,True,272
propus tech,0.0,london,A,True,747
efes pizza nw,12.9,rest_england,A,True,846
listers group,12.9,rest_england,A,True,1041
exhall service station,12.9,rest_england,A,True,935
qurtubah,0.0,london,A,True,747
innocent child,12.9,rest_england,A,True,566
learnlight uk,0.0,london,A,True,1
guardian industries u k,12.9,rest_england,A,True,1041
enercon wind energy uk,27.8,scotland,A,True,1041
medicasimple healthcare technologies,0.0,london,A,True,1
shahz cars,12.9,rest_england,A,True,467
a z consultancy services,12.9,rest_england,A,True,467
renew drycleaners pvt,0.0,london,A,True,1041
sps europe,0.0,london,A,True,1
laurel tree care,12.9,rest_england,A,True,1041
upton food wine,0.0,london,A,False,1
oakville care,10.4,wales,A,True,1041
pristine care consortium,12.9,rest_england,A,True,935
mr naresh patel mr paresh patel t a the balmoral hotel,12.9,rest_england,A,True,846
veritas point,12.9,rest_england,A,True,935
bestway construction,12.9,rest_england,A,True,566
pl import export,12.9,rest_england,A,True,935
mr thavarajah pakeerathan ta moulsham local,12.9,rest_england,A,True,393
designability charity,12.9,rest_england,A,True,846
major foods,12.9,rest_england,A,True,467
horsham visionplus ltd t a specsavers opticians,12.9,rest_england,A,True,1041
lumbini grocery,0.0,london,A,True,1041
ls beech road,12.9,rest_england,A,True,1041
awadh,12.9,rest_england,A,True,935
yavica uk,0.0,london,A,True,1041
liverpool ganesh trust,12.9,rest_england,A,True,467
hackett,0.0,london,A,True,1041
unit c1 falcon business centre,12.9,rest_england,A,True,1041
rocket systems,0.0,london,A,True,1041
aspire square,12.9,rest_england,A,True,1041
bistro 24,0.0,london,A,True,747
euro tech roofing,12.9,rest_england,A,True,1041
rolfe judd planning,0.0,london,A,True,1041
vinnyandev limited t as the queens head,12.9,rest_england,A,True,747
arithma,0.0,london,A,True,1041
bubbly gems ltd t a bubbly gems nursery,12.9,rest_england,A,True,393
teddar,12.9,rest_england,A,False,726
sharva technology and management,12.9,rest_england,A,True,566
seven hills retail,12.9,rest_england,A,True,747
feral interactive,0.0,london,A,True,1041
bluewater care,12.9,rest_england,A,True,1
ilus international uk,0.0,london,A,True,1041
gilan london,0.0,london,A,True,566
sonosine,12.9,rest_england,A,True,935
electrical pump services ltd eps water,12.9,rest_england,A,True,566
1177 retail,12.9,rest_england,A,True,1041
ahmed foods and vegetables uk,0.0,london,A,False,188
amc enterprises ayr,12.9,rest_england,A,True,1041
st marks care home ltd t a st marks residential care home,12.9,rest_england,A,True,935
alcatel submarine networks uk,0.0,london,A,True,1041
sv spice world,12.9,rest_england,A,True,566
omnicare services,12.9,rest_england,A,True,1041
v a machinery,0.0,london,A,True,1041
jasi company uk,12.9,rest_england,A,True,1041
southport muslim society,12.9,rest_england,A,True,566
aegis group of companies t a aegis support services,12.9,rest_england,A,True,1041
mr sivarasa prathees ta perfect fried chicken,0.0,london,A,True,1041
thriguna solutions,0.0,london,A,True,1041
sportority uk,0.0,london,A,True,1041
showell packing,12.9,rest_england,A,True,1
jsysc,0.0,london,A,True,566
malaysian delight warwickshire,12.9,rest_england,A,True,467
one stop halal meat centre limited ta one stop halal meat centre,12.9,rest_england,A,True,1041
mitsubishi power europe,0.0,london,A,True,1041
a2ve capital advisors,12.9,rest_england,A,True,1041
liberty design and build,12.9,rest_england,A,True,935
tkd costless grocery,12.9,rest_england,A,True,393
hp sons,12.9,rest_england,A,True,1041
heypi care services,12.9,rest_england,A,True,209
rosewalk teynham,12.9,rest_england,A,True,272
panoramah uk,0.0,london,A,True,566
richmore hospitality,12.9,rest_england,A,True,1
siop penparcau stores,12.9,rest_england,A,False,1
uk 1 services,12.9,rest_england,A,True,846
m g,0.0,london,A,True,1041
greedy chef limited t a greedy chef,0.0,london,A,True,747
made media,12.9,rest_england,A,True,1041
kispe space systems,12.9,rest_england,A,True,1041
maxilion,12.9,rest_england,A,True,1041
khans solicitors,0.0,london,A,True,1041
h2o vape,12.9,rest_england,A,True,1041
amily homecare,12.9,rest_england,A,True,1041
meritor heavy vehicle braking systems uk,12.9,rest_england,A,True,1041
truck and wheel uk,12.9,rest_england,A,True,566
kisharon langdon,0.0,london,A,True,566
smart look london,0.0,london,A,True,1041
mojo cut beauty,12.9,rest_england,A,False,181
bannerdale osteopaths,12.9,rest_england,A,True,1041
libra europe,0.0,london,A,True,1041
the choral hub limited ta biiah,12.9,rest_england,A,True,1041
aquaship uk,12.9,rest_england,A,True,1041
the franklyn group,12.9,rest_england,A,True,566
itp aero uk,12.9,rest_england,A,True,1041
lg electronics u k,12.9,rest_england,A,True,1041
the game xchange,12.9,rest_england,A,True,1041
exemplar health care support centre,12.9,rest_england,A,True,1
finmile ai,0.0,london,A,True,272
larkfield kebab pizza ltd t a larkfield pizza kebab,12.9,rest_england,A,True,1041
taylors funfairs,12.9,rest_england,A,True,1041
moreton health clinic,12.9,rest_england,A,True,1041
foodworx,12.9,rest_england,A,True,846
mayahuel ltd t a cavita,0.0,london,A,True,1041
sai dutt,12.9,rest_england,A,True,846
birlasoft solutions,0.0,london,A,True,1041
nebuli,0.0,london,A,True,1041
instant access technologies,12.9,rest_england,A,True,566
rs group,12.9,rest_england,A,True,1041
the vyne,12.9,rest_england,A,True,1
j s h enterprises limited t as rocky express,0.0,london,A,True,1041
littlebourne house residential home,12.9,rest_england,A,True,1041
sneaky pete s,27.8,scotland,A,True,566
sky cluster,12.9,rest_england,A,True,1041
the travel house,12.9,rest_england,A,True,846
baker mcveigh and clements,12.9,rest_england,A,True,1041
jmd hospitality,12.9,rest_england,A,True,1041
osborne co operative academy trust,12.9,rest_england,A,True,1041
inspire care agencies,12.9,rest_england,A,True,1041
stoke golding ltd ta mango tree restaurant,12.9,rest_england,A,True,1041
michael evans associates,12.9,rest_england,A,True,935
regents park,12.9,rest_england,A,True,1041
vine bar vauxhall,0.0,london,A,True,1041
expleo uk,12.9,rest_england,A,True,566
huntham farm,12.9,rest_england,A,True,209
posti,0.0,london,A,False,195
wired media,12.9,rest_england,A,True,1041
asia halal group,0.0,london,A,True,747
crouch end cafe ltd t a beam,0.0,london,A,True,1041
lance lane medical centre,12.9,rest_england,A,True,1041
cinnamon court food group,12.9,rest_england,A,True,209
cabzone,12.9,rest_england,A,True,935
vma healthcare services,12.9,rest_england,A,True,846
aesthetics clinique,0.0,london,A,True,272
ur star choice,12.9,rest_england,A,True,935
ziesha ltd t a marmion restaurant,12.9,rest_england,A,True,1041
sun seed,12.9,rest_england,A,True,1041
langdale residential home,12.9,rest_england,A,True,1041
herbies pizza southampton,12.9,rest_england,A,True,935
allco design build,0.0,london,A,True,467
uk vine care,12.9,rest_england,A,True,846
fiveways mot station,12.9,rest_england,A,True,935
baring lodge residential home,0.0,london,A,True,1041
go go chemist,0.0,london,A,True,1041
goodman lawrence,0.0,london,A,True,1041
blue lake solution,0.0,london,A,True,747
corporater uk,12.9,rest_england,A,True,1041
pod digital marketing two,12.9,rest_england,A,True,467
knighton,12.9,rest_england,A,True,209
thriva,0.0,london,A,True,1041
luv to care home care,12.9,rest_england,A,True,566
uk ports,12.9,rest_england,A,True,209
ginger bar herts ltd t a ginger bar restaurant,12.9,rest_england,A,True,1041
special people partnership,0.0,london,A,True,1041
villa express,12.9,rest_england,A,True,566
parkview solicitors,12.9,rest_england,A,True,1041
bespoke inns 2020,12.9,rest_england,A,True,935
haskoning uk,12.9,rest_england,A,True,1
preciosa lighting uk,0.0,london,A,True,1041
picklelicious food ltd t a picklelicious curries,12.9,rest_england,A,True,846
emirates,12.9,rest_england,A,True,1
see saw films,0.0,london,A,True,1
regione della campania,12.9,rest_england,A,True,846
mirza farm,12.9,rest_england,A,True,747
tovie ai,0.0,london,A,True,1041
kb gpr surveys,12.9,rest_england,A,True,1041
skilled homecare services,0.0,london,A,True,272
aosh qualifications,12.9,rest_england,A,True,1041
complete qadri care,0.0,london,A,True,1041
roman s tyres and exhausts,12.9,rest_england,A,False,475
auto rider,12.9,rest_england,A,True,467
indigo cars,12.9,rest_england,A,True,935
brandon trust region b,12.9,rest_england,A,True,846
braintree dental studio,12.9,rest_england,A,True,1041
okara ctg ltd t a bombay tandoori restaurant,12.9,rest_england,A,True,1041
tigers security services,12.9,rest_england,A,True,1041
good hope portavogie,12.9,rest_england,A,True,1041
mancetter post office,12.9,rest_england,A,True,935
david wej uk,0.0,london,A,True,935
woodthorpe view,12.9,rest_england,A,True,1
sas chairframe,12.9,rest_england,A,True,1041
master massage equipment,12.9,rest_england,A,True,1041
nfg capital,0.0,london,A,True,1
govindaa leisure limited t as the brook,12.9,rest_england,A,True,747
ji international,12.9,rest_england,A,True,1041
vape penz,12.9,rest_england,A,True,935
crewton care,12.9,rest_england,A,True,1041
cmc n i,12.9,rest_england,A,True,1041
globetrottergetaways,12.9,rest_england,A,True,272
hair ornaments uk,12.9,rest_england,A,True,272
speedster it,0.0,london,A,True,1041
pinkham equine,12.9,rest_england,A,True,1041
yug yagn,12.9,rest_england,A,True,566
new world restaurant holdings ltd ta proven pizzeria,12.9,rest_england,A,True,1041
vrit food uk ltd t a mucho picante,12.9,rest_england,A,True,846
neptune north,12.9,rest_england,A,True,209
carelink homecare services,12.9,rest_england,A,True,935
keplin group,12.9,rest_england,A,True,846
ma group london,0.0,london,A,True,747
nutshell holdings,0.0,london,A,True,467
levson gtech uk,12.9,rest_england,A,True,1
amant foundation,0.0,london,A,True,846
aaris private,12.9,rest_england,A,True,566
shriji news,12.9,rest_england,A,True,747
newsome surgery,12.9,rest_england,A,True,467
sharkninja europe,12.9,rest_england,A,True,1041
amalfi capital,0.0,london,A,True,566
dania edn,27.8,scotland,A,True,935
londonnews bristol,12.9,rest_england,A,True,1041
choice packaging solutions,12.9,rest_england,A,True,1041
collaborative care services,12.9,rest_england,A,True,1041
gbst wealth management,0.0,london,A,True,846
srinikasri,12.9,rest_england,A,True,1041
willow tree childrens services,12.9,rest_england,A,True,1041
abc mobil,0.0,london,A,True,1041
casual fitters,0.0,london,A,True,1
m a brothers retail,12.9,rest_england,A,True,1041
ashleys hitchin,12.9,rest_england,A,True,1041
zamin motors,12.9,rest_england,A,True,1041
streats global ltd t a baba dhaba,0.0,london,A,False,294
eden adaptions,12.9,rest_england,A,True,747
the right events,12.9,rest_england,A,True,846
new yang s,10.4,wales,A,True,1041
gillespies,0.0,london,A,True,1041
m n brothers,12.9,rest_england,A,True,935
veritas solicitors,12.9,rest_england,A,True,935
the competition and markets authority,0.0,london,A,True,1041
mercier salon,0.0,london,A,True,566
solomon security and event solutions,12.9,rest_england,A,True,935
airex technologies,0.0,london,A,True,846
leader facades ltd t a facades installation,0.0,london,A,True,1
aruvi express limited t a aruvi express,12.9,rest_england,A,True,846
d b coffee ltd t a black sheep coffee,0.0,london,A,False,357
binary is,12.9,rest_england,A,True,1041
cx studios,12.9,rest_england,A,True,272
holdenby,12.9,rest_england,A,True,1041
flatiron health uk,12.9,rest_england,A,True,1041
macrae highland,12.9,rest_england,A,True,566
finsight group uk,0.0,london,A,True,566
woodland newsagent,12.9,rest_england,A,True,935
nefirst credit union,12.9,rest_england,A,True,272
wisely ventures,12.9,rest_england,A,True,1041
tangent marketing services limited t a tangent,0.0,london,A,True,1041
brother logistic,12.9,rest_england,A,True,1041
khas consulting,0.0,london,A,True,935
ladco pharma,12.9,rest_england,A,True,1041
mcd consultancy,0.0,london,A,True,1041
roop haulage,12.9,rest_england,A,True,747
tari vets,12.9,rest_england,A,True,1041
strategic blue services,0.0,london,A,True,1041
invest in care,12.9,rest_england,A,True,1041
two fifty four,12.9,rest_england,A,True,1041
communications international group,0.0,london,A,True,1041
indian glengormley limited t a indian ocean,12.9,rest_england,A,True,1041
dacorum borough council,12.9,rest_england,A,True,566
hallmark healthcare,0.0,london,A,True,846
the brickwork group limited t a future bricks,0.0,london,A,False,637
pharmalinc,0.0,london,A,True,935
whitehead ross education and consulting,12.9,rest_england,A,True,1041
barking windows,0.0,london,A,True,1041
makani arab,27.8,scotland,A,True,467
horizon dairy vets,12.9,rest_england,A,True,747
eccleston square hotel,0.0,london,A,True,1
l brand ltd t a l eto,0.0,london,A,True,1041
p1vital,12.9,rest_england,A,True,1041
opsmorph,0.0,london,A,True,1041
tim consultancy services,12.9,rest_england,A,True,747
net connect solutions,12.9,rest_england,A,True,272
qmk management,0.0,london,A,True,1041
mem trading uk,0.0,london,A,True,1041
foresight,0.0,london,A,True,566
ecobride,0.0,london,A,True,1
protectafile,12.9,rest_england,A,True,1
circularity capital,27.8,scotland,A,True,1041
n m pizzas and indian take away,12.9,rest_england,A,True,393
tamu homes supported accommodation,12.9,rest_england,A,True,747
houseful,0.0,london,A,True,272
mji foods,12.9,rest_england,A,True,1041
vogacloset,12.9,rest_england,A,True,1041
ss uk construction,12.9,rest_england,A,True,1041
burger zone,12.9,rest_england,A,True,846
next steps community care,12.9,rest_england,A,True,1
jashn restaurant,12.9,rest_england,A,True,1041
archibald frame,12.9,rest_england,A,True,1
grendon cross care,12.9,rest_england,A,True,1041
health care first ltd t a newman chemist,12.9,rest_england,A,True,1041
richmond grill,12.9,rest_england,A,True,846
beijing ding an london branch,0.0,london,A,True,467
devon healthcare solutions limited t a devon pharma,12.9,rest_england,A,True,1041
pavan tanay,12.9,rest_england,A,True,1041
mater christi multi academy trust,12.9,rest_england,A,True,272
operations nation,12.9,rest_england,A,True,272
ryebridge,12.9,rest_england,A,True,1041
restaurant mw,27.8,scotland,A,True,1041
the megna ltd t a the megna,12.9,rest_england,A,True,1041
alibaba e commerce uk,0.0,london,A,True,846
autorama peterborough limited company number 11241668,12.9,rest_england,A,True,935
s k bukhara,12.9,rest_england,A,False,832
a t c professional systems,0.0,london,A,True,1041
edge commodities,0.0,london,A,True,747
star groceries,12.9,rest_england,A,True,935
aura oxford,12.9,rest_england,A,True,935
park view group practice,12.9,rest_england,A,True,1041
nova global partners,0.0,london,A,True,209
desi production uk,12.9,rest_england,A,True,747
mbk solicitors,12.9,rest_england,A,True,1041
tmti,12.9,rest_england,A,True,566
copyright agency of china uk,0.0,london,A,True,1041
leavesden supermarket,12.9,rest_england,A,True,747
rotary residential and care centers,27.8,scotland,A,True,846
north elmham stores,12.9,rest_england,A,True,747
lilimi,0.0,london,A,True,467
meat giant uk,12.9,rest_england,A,True,846
access dignity care,12.9,rest_england,A,True,1041
easy let homes,10.4,wales,A,True,1
gk foods inverness,27.8,scotland,A,False,726
st mary s catholic high school,12.9,rest_england,A,True,566
million dollar cafe limited t a million dollar cafe consultancy,12.9,rest_england,A,False,769
shabach health care,12.9,rest_england,A,True,1041
jazzy fashion,12.9,rest_england,A,True,1041
express food supplies,12.9,rest_england,A,True,1041
moons industries uk,12.9,rest_england,A,True,393
momentum support ni,14.0,ni,A,True,1041
pureplan building services,12.9,rest_england,A,True,1041
destek patent,0.0,london,A,True,747
just call 4 care services,12.9,rest_england,A,False,832
golden turmeric,12.9,rest_england,A,True,1041
jt akshaya,12.9,rest_england,A,True,846
grillporium ltd t as grill porium,12.9,rest_england,A,True,846
enticing foods ltd t a subway,12.9,rest_england,A,True,846
quantum marketing europe,12.9,rest_england,A,True,1
sentimental care,12.9,rest_england,A,True,935
rahanar,0.0,london,A,True,1041
complete prime residential,0.0,london,A,True,1041
st anne s catholic high school for girls,0.0,london,A,True,1041
rsn builders,0.0,london,A,False,1
smartvision it solutions,12.9,rest_england,A,False,832
pacshealth,0.0,london,A,True,1041
audacc consultancy,12.9,rest_england,A,True,747
old square dental practice partnership ravi panesar,12.9,rest_england,A,True,566
cost cutter express maidstone,12.9,rest_england,A,True,747
vedant network solutions,0.0,london,A,True,1041
edge services 2014,0.0,london,A,True,1041
angels bakery,0.0,london,A,True,846
golden well 19 ltd t a tea house,14.0,ni,A,True,935
msc universal,12.9,rest_england,A,True,747
noa girls,0.0,london,A,True,1041
1 digitals europe,12.9,rest_england,A,True,1041
united kingdom haemophilia centre doctor s organisation,12.9,rest_england,A,True,1041
britasia tv networks,12.9,rest_england,A,True,846
np us accountants,12.9,rest_england,A,True,935
hesire,12.9,rest_england,A,True,1041
optima consulting partners,0.0,london,A,True,846
toddington nurseries,12.9,rest_england,A,True,566
e media group,12.9,rest_england,A,True,935
knight home care limited t a walfinch greater manchester south,12.9,rest_england,A,True,1041
jasmine news,0.0,london,A,True,1041
m n smart sip,12.9,rest_england,A,True,1041
saastha minimart,12.9,rest_england,A,True,935
greenshoot care services,12.9,rest_england,A,True,1041
highgate care services yorkshire,12.9,rest_england,A,True,272
stonehill sports,12.9,rest_england,A,True,566
hope citadel healthcare cic,12.9,rest_england,A,True,1041
london general store,12.9,rest_england,A,True,747
nb construct uk,12.9,rest_england,A,True,747
ritchies cafe,0.0,london,A,True,1041
atm ventures pvt,12.9,rest_england,A,True,935
o p law,0.0,london,A,False,188
lindleys enterprises limited t a lindleys pharmacy,12.9,rest_england,A,True,935
autonomous enterprises,12.9,rest_england,A,True,935
malathy group,12.9,rest_england,A,True,566
azimut uk holdings,0.0,london,A,True,566
angelena fishing,12.9,rest_england,A,True,393
macguys,0.0,london,A,True,1041
super direct,10.4,wales,A,True,467
impact medical,12.9,rest_england,A,True,467
n i constructions nw,12.9,rest_england,A,True,935
suriya investments and asset management,0.0,london,A,False,195
sun international recycling group,12.9,rest_england,A,False,574
furious fox,0.0,london,A,True,1041
little people nurseries,0.0,london,A,True,846
dermaside,0.0,london,A,False,832
this bank,0.0,london,A,True,1
senergy,27.8,scotland,A,False,832
engica technology systems international,12.9,rest_england,A,False,1
emission solutions,0.0,london,A,True,935
grosvenor care homes,12.9,rest_england,A,True,393
anchor investment group,12.9,rest_england,A,False,574
kss stores ltd t a kilbarchan convenience store,12.9,rest_england,A,True,846
milton hotels,27.8,scotland,A,True,747
epitopea,12.9,rest_england,A,True,1041
rajja,12.9,rest_england,A,True,1041
tellurian lng uk,0.0,london,A,True,1041
mereside care home,12.9,rest_england,A,True,1041
kiaan ltd t a allure dental aesthetics,12.9,rest_england,A,False,357
white summit capital advisors,0.0,london,A,True,1041
franchising worldwide,12.9,rest_england,A,True,272
youth graces uk,0.0,london,A,False,648
bottlepay,12.9,rest_england,A,False,106
north east brand iq technologies,12.9,rest_england,A,True,747
dera care,12.9,rest_england,A,True,935
cmr care,12.9,rest_england,A,True,1041
maggi foods,12.9,rest_england,A,True,1041
coriander restaurant ltd t a coriander,12.9,rest_england,A,True,1041
new spice of life,27.8,scotland,A,False,475
kpv convenience,12.9,rest_england,A,False,648
mmd design consultancy,12.9,rest_england,A,True,1041
matrix properties services,12.9,rest_england,A,True,935
wabtraders,0.0,london,A,True,747
euro linx 3,12.9,rest_england,A,True,935
aldi stores,12.9,rest_england,A,True,1041
nugent estate farm,12.9,rest_england,A,True,935
ss logistics,12.9,rest_england,A,True,566
plb maintenance supply services,0.0,london,A,True,566
volta commercial vehicles,0.0,london,A,False,637
roshon banqueting hall limited ta roshon banqueting,12.9,rest_england,A,True,1041
unity one care solution,0.0,london,A,True,467
restorer motors,0.0,london,A,True,846
ilium,12.9,rest_england,A,True,846
torrent pharma uk,12.9,rest_england,A,True,1041
boxberg capital,0.0,london,A,True,1041
retail response,12.9,rest_england,A,True,1041
steconfer rail,12.9,rest_england,A,True,1041
incredible technologies,0.0,london,A,True,1041
flowhouse ltd t a the elephant,12.9,rest_england,A,True,935
seacole healthcare,12.9,rest_england,A,False,648
joint and spine,12.9,rest_england,A,True,935
behavox,12.9,rest_england,A,True,1041
rainbow travel,12.9,rest_england,A,False,538
comprehensive services,12.9,rest_england,A,True,935
phlexglobal,12.9,rest_england,A,False,294
st george s crypt,12.9,rest_england,A,True,209
b t batsford,0.0,london,A,True,1
4basebio,12.9,rest_england,A,True,1041
ags foods ltd t agoodfellas kebab and grill house,12.9,rest_england,A,True,1041
agw heating plumbing electrical wholesaler,0.0,london,A,True,1041
winsome fashion,12.9,rest_england,A,True,1041
pennant imperium restaurant limited t a savours london,0.0,london,A,True,272
longridge pound plus ltd t a pound plus mobile and vape,12.9,rest_england,A,True,566
aramco overseas company uk,0.0,london,A,True,1041
axelbond,0.0,london,A,True,1
timya clothing,0.0,london,A,True,467
zerolight,12.9,rest_england,A,True,1041
barkat foodstore preston,12.9,rest_england,A,True,1041
helix property advisors,0.0,london,A,True,209
bank of ireland,0.0,london,A,True,1041
fusion global management,0.0,london,A,True,1041
seamless global,12.9,rest_england,A,False,294
lp sd thirty six,12.9,rest_england,A,True,935
eaubrink farm gmbh,12.9,rest_england,A,True,1041
m j locum services,12.9,rest_england,A,True,566
zakapps software,12.9,rest_england,A,True,1041
portman digital marketing,0.0,london,A,True,935
touch and care beauty lounge,12.9,rest_england,A,False,574
jaoyeh trading,10.4,wales,A,True,935
oversea chinese banking corporation,0.0,london,A,True,1041
rooster creative,0.0,london,A,True,1041
lindamood bell learning processes,0.0,london,A,True,1041
blue pearl pinxton,12.9,rest_england,A,True,1041
che services limited trading as zeytin mediterranean restaurant,12.9,rest_england,A,True,272
no 1 distribution,12.9,rest_england,A,True,846
dw young dental laboratories,12.9,rest_england,A,False,832
srp uk,0.0,london,A,True,1041
grasp technologies,0.0,london,A,True,1041
catpro beauty,0.0,london,A,True,566
conexus healthcare c i c,12.9,rest_england,A,True,566
telecom business transformers,12.9,rest_england,A,True,1041
taj supermarket limited t a spar,12.9,rest_england,A,True,846
8 slice moon limited t a hamro chautari,0.0,london,A,True,1041
studio eight 46,12.9,rest_england,A,True,935
portland residential,12.9,rest_england,A,True,1041
icare solutions stockport,12.9,rest_england,A,True,1041
bridge invest,0.0,london,A,False,99
signature media london,0.0,london,A,False,294
kirby and haslam,12.9,rest_england,A,True,935
servicom high tech,12.9,rest_england,A,True,1041
eastside house care home,0.0,london,A,True,1041
vibrant tiles,0.0,london,A,True,1041
phoenix dance theatre,12.9,rest_england,A,True,1041
c bechstein hall,0.0,london,A,True,566
uk biobank,12.9,rest_england,A,True,1041
quick link consultancy,12.9,rest_england,A,True,467
shreeji fast food,0.0,london,A,True,566
skyray engineering,12.9,rest_england,A,True,566
mayo foods,12.9,rest_england,A,True,935
kiss restaurant,12.9,rest_england,A,True,272
ikm testing uk,12.9,rest_england,A,True,393
marches biogas,12.9,rest_england,A,False,832
international tin association,12.9,rest_england,A,True,566
maksure risk solutions,0.0,london,A,True,1041
kgs pvt,0.0,london,A,True,1
ds sons,12.9,rest_england,A,True,272
thomas salvesen enterprises,12.9,rest_england,A,True,1041
creative foods europe,12.9,rest_england,A,True,1041
kensal rise post office,0.0,london,A,True,846
vector ai,0.0,london,A,True,1041
jet raj,12.9,rest_england,A,True,272
f t care homes,12.9,rest_england,A,True,1
virtually sports,0.0,london,A,True,566
the red box of harrogate,12.9,rest_england,A,True,935
fxview uk,0.0,london,A,True,1041
silverstars care,12.9,rest_england,A,True,1041
chashauk,12.9,rest_england,A,True,846
global daily stores,0.0,london,A,True,1041
sai tnks,0.0,london,A,True,1041
accenture song brand uk,0.0,london,A,True,1041
morgan hill solicitors,12.9,rest_england,A,True,935
lions empire,12.9,rest_england,A,True,393
new malden international foods,12.9,rest_england,A,True,272
satago financial solutions,0.0,london,A,True,1041
hackbridge news and post office,12.9,rest_england,A,True,1041
noriker power,12.9,rest_england,A,True,1041
european emc products,12.9,rest_england,A,True,1041
blackburn road medical centre,12.9,rest_england,A,True,1041
sdp services retail,12.9,rest_england,A,True,566
arini capital management,0.0,london,A,True,1041
haas automation,12.9,rest_england,A,True,1041
indeff uk,12.9,rest_england,A,True,566
zamzam wok grill,0.0,london,A,True,935
vintage aero,12.9,rest_england,A,True,209
village quality products,12.9,rest_england,A,True,1041
brictorian oven,12.9,rest_england,A,True,1041
howden joinery,0.0,london,A,True,1041
wine and dine,12.9,rest_england,A,True,467
pelsis,12.9,rest_england,A,True,1041
jsb healthcare,12.9,rest_england,A,True,1041
icomera uk,12.9,rest_england,A,True,1
swadin consultancy,12.9,rest_england,A,True,566
shivam enterprise uk pvt limited t a evolution ceramic esurface tiles,12.9,rest_england,A,True,1041
barrels super store,12.9,rest_england,A,True,1041
b joseph london,0.0,london,A,True,747
pinnacle care homes limited t a maryfield care home,12.9,rest_england,A,True,1041
khurshid drinks,0.0,london,A,True,566
m i newsagents,12.9,rest_england,A,False,294
pinnacle brit care,12.9,rest_england,A,False,106
baronsmede support services,12.9,rest_england,A,True,846
stubby leas care home,12.9,rest_england,A,True,1
heartwood medical practice,12.9,rest_england,A,True,1041
r d yorkshire limited ta domino s pizza,12.9,rest_england,A,True,1041
bilwani trading,12.9,rest_england,A,True,846
chorlegh,12.9,rest_england,A,True,935
bristow helicopters,27.8,scotland,A,True,1041
egh care services,12.9,rest_england,A,False,542
spar uk,12.9,rest_england,A,True,1041
white coat productions,0.0,london,A,True,1041
provision vehicle cameras ltd t a cameramatics uk,0.0,london,A,True,566
spinal homecare services,12.9,rest_england,A,True,1041
global tunnelling experts,12.9,rest_england,A,True,1041
marv studios,0.0,london,A,True,747
konsistent consulting,0.0,london,A,True,272
atkins,0.0,london,A,False,106
lincolnshire wildlife trust,12.9,rest_england,A,True,935
vehicle certification agency,12.9,rest_england,A,True,566
m a spice,12.9,rest_england,A,True,1041
neo energy resources uk,27.8,scotland,A,False,63
pier health group,12.9,rest_england,A,True,1041
shicken foods,12.9,rest_england,A,True,935
crest advisory uk,0.0,london,A,True,846
dolphin homes,12.9,rest_england,A,True,1041
capita,0.0,london,A,True,1041
euroimmun uk,12.9,rest_england,A,True,747
haz international,12.9,rest_england,A,True,1041
thsolutions 786,12.9,rest_england,A,False,538
casa rosa pizza ltd t a casa rosa,12.9,rest_england,A,True,566
baba couriers,0.0,london,A,True,747
quadrant care services,12.9,rest_england,A,True,1041
burnage butchers ltd t a burnage butchers,12.9,rest_england,A,True,1041
corten management uk,0.0,london,A,False,475
range chicken,12.9,rest_england,A,True,846
parts4hybrid,12.9,rest_england,A,True,747
west somerset healthcare,12.9,rest_england,A,True,1041
southern land london,0.0,london,A,True,566
standing on giants,0.0,london,A,True,1041
cavendish learning london,0.0,london,A,False,832
suffolk pharma,12.9,rest_england,A,True,1041
mr ananthan paventhiran trading as south view stores,12.9,rest_england,A,True,935
fountain care services,12.9,rest_england,A,True,747
thorpe house school,12.9,rest_england,A,False,574
alphabet print,0.0,london,A,False,188
socius technologies group,12.9,rest_england,A,True,1041
reliable textiles,12.9,rest_england,A,True,467
dynasoft business solutions,0.0,london,A,True,272
palm pr,0.0,london,A,True,1041
ar removals,12.9,rest_england,A,True,1
winpower direct,12.9,rest_england,A,True,935
rs global,12.9,rest_england,A,True,1041
basswood investment uk ltd t a jrc global buffet,0.0,london,A,True,1041
queenbee nursery,0.0,london,A,True,1041
cambridge enterprise,12.9,rest_england,A,True,1041
the office of the children s commissioner,0.0,london,A,True,1041
hadrian security,0.0,london,A,True,1
chamberlains uk,0.0,london,A,True,1041
the woosaa chicken,12.9,rest_england,A,False,832
cartref annwyl ammanford,12.9,rest_england,A,True,1041
c verty furniture ltd t a verty furniture,12.9,rest_england,A,True,566
pakeeza halal meat,12.9,rest_england,A,True,1041
beauty bar calcot limited t a beauty lounge calcot,12.9,rest_england,A,True,1041
kruger cowne,0.0,london,A,True,1
sivas trading gb ltd t a abi convenience store premier,12.9,rest_england,A,True,1041
scottish friendly assurance society,27.8,scotland,A,False,1
rios piri piri southampton,12.9,rest_england,A,True,1041
three ings food wine,0.0,london,A,True,935
7 ice limited t a the jolly farmers,12.9,rest_england,A,True,1041
nasim co solicitors,0.0,london,A,True,1041
house brickwork,12.9,rest_england,A,True,1041
abtech,12.9,rest_england,A,True,1
cimb bank berhad,0.0,london,A,True,1041
kaz residentials,12.9,rest_england,A,True,393
artefact uk,0.0,london,A,True,747
lerue healthcare,27.8,scotland,A,True,272
hop and vine,12.9,rest_england,A,True,1041
se20 dry cleaners,12.9,rest_england,A,True,1041
littledata technologies,12.9,rest_england,A,True,1041
willow support,12.9,rest_england,A,True,1041
h s autocare,12.9,rest_england,A,True,1041
prolog fulfilment,12.9,rest_england,A,True,747
chaudrys foods t a cafe rajas,12.9,rest_england,A,True,846
arth pvt,12.9,rest_england,A,True,1041
menai finance uk,0.0,london,A,True,1041
dsquare childcare,0.0,london,A,True,393
talan uk ireland,0.0,london,A,True,272
pkbc,27.8,scotland,A,True,1041
nurkas consultancy,0.0,london,A,True,935
bosi pubs,12.9,rest_england,A,True,1041
enate,12.9,rest_england,A,True,1041
red27mobile,0.0,london,A,False,195
sunday treat,0.0,london,A,True,393
hb pizza,12.9,rest_england,A,False,294
clinova,0.0,london,A,True,1041
midland pressure diecasting,12.9,rest_england,A,True,467
skz retails,27.8,scotland,A,True,467
koh e noor hair and beauty saloon,0.0,london,A,True,846
sh cuisine,12.9,rest_england,A,True,1041
blue recruit,12.9,rest_england,A,False,832
meniscus systems,12.9,rest_england,A,False,648
academy music group,0.0,london,A,True,1041
dawson international uk,0.0,london,A,True,566
immersive mobile designs pvt,12.9,rest_england,A,True,467
tradetower,12.9,rest_england,A,True,1
alyana uk,10.4,wales,A,True,1041
soyasa,12.9,rest_england,A,True,1041
synergy eco,12.9,rest_england,A,True,566
grandwalk limited t a maxim restaurant,12.9,rest_england,A,True,1041
orison services limited t a orison soft and tonertown,12.9,rest_england,A,True,566
irrational agency,0.0,london,A,True,1041
jp property investment group,12.9,rest_england,A,True,1041
pher import,12.9,rest_england,A,True,209
mvm advisory group,0.0,london,A,True,1
do it creative,12.9,rest_england,A,True,1041
saddleback consulting ltd t a saddleback solutions,12.9,rest_england,A,True,1041
pearlfisher,0.0,london,A,True,1041
cambridge eatery limited t a zara,12.9,rest_england,A,True,1041
chestergate hospitality,12.9,rest_england,A,True,1
omega pretzels uk,12.9,rest_england,A,True,566
r h motor services,12.9,rest_england,A,True,935
specialist aviation cabinair services,12.9,rest_england,A,True,747
our voice legal,12.9,rest_england,A,True,1
oranmore precast,12.9,rest_england,A,True,566
indian heat ltd t a daakoo,0.0,london,A,True,1041
craze nw,12.9,rest_england,A,True,747
mrs rinkle patel t a rinkle stores,0.0,london,A,True,935
c gars,0.0,london,A,True,1041
ratatype,12.9,rest_england,A,True,1
be bird,12.9,rest_england,A,True,393
shield home solutions,0.0,london,A,True,272
delta service station,12.9,rest_england,A,True,393
quantumcrest solutions ltd t a reachtix,0.0,london,A,True,272
vijay raju t a mfg gainsborough,12.9,rest_england,A,True,393
wilder logistics,12.9,rest_england,A,True,393
elite choice home care,12.9,rest_england,A,True,1041
intelligent solutions 24,0.0,london,A,True,1041
tera healthcare,12.9,rest_england,A,True,935
bluebell daycare nursery,12.9,rest_england,A,True,1041
block property solutions,12.9,rest_england,A,True,1
the butts dental practice,12.9,rest_england,A,True,935
reading heating plumbing,12.9,rest_england,A,True,846
everun,14.0,ni,A,True,1041
kym technology,12.9,rest_england,A,True,935
mighty protection,12.9,rest_england,A,True,1041
ishmeh ltd t a mamtaz mahal,12.9,rest_england,A,True,1041
logicmove storage solutions,12.9,rest_england,A,True,1
cogitor ltd t a superbyte,12.9,rest_england,A,True,935
well care 24 7,12.9,rest_england,A,True,1041
healthy cafes uk,12.9,rest_england,A,True,393
j k coaches,0.0,london,A,True,846
alpian technlogies,0.0,london,A,True,1041
tamal beauty,12.9,rest_england,A,True,272
m2m pharmaceuticals,12.9,rest_england,A,True,566
county cars 2003,12.9,rest_england,A,True,467
haskoch,12.9,rest_england,A,True,467
muze capital advisors,0.0,london,A,True,1041
eco frames oldbury,12.9,rest_england,A,True,1041
key care support,12.9,rest_england,A,True,1041
havilah global empire,12.9,rest_england,A,True,1041
blue building services,0.0,london,A,True,935
modern indian diner,0.0,london,A,True,1041
3rd floor hotel,12.9,rest_england,A,True,1041
moka holiday,27.8,scotland,A,True,1041
econic energy,12.9,rest_england,A,True,747
southpark residential home,0.0,london,A,True,467
krypton jewellers,12.9,rest_england,A,True,846
sjvr,12.9,rest_england,A,True,1041
samy s premier,12.9,rest_england,A,True,1041
nexus foods,0.0,london,A,True,1041
total asia food cardiff,10.4,wales,A,True,1041
mca care solutions,10.4,wales,A,True,1041
x prompt,12.9,rest_england,A,True,846
deniz beren,12.9,rest_england,A,True,566
rajshree catering limited t a the gurkha kitchen,12.9,rest_england,A,True,1041
next gate tech,0.0,london,A,True,935
safeguard pms,12.9,rest_england,A,True,467
ladybird nurseries,12.9,rest_england,A,True,393
radiocoms systems,0.0,london,A,True,1041
danehill,0.0,london,A,True,1041
eyeora,0.0,london,A,True,1041
ipswich school,12.9,rest_england,A,True,1041
zhaxi,12.9,rest_england,A,True,566
happy hour productions,12.9,rest_england,A,True,1041
namaste lounge limited ta namaste lounge,12.9,rest_england,A,True,1041
exactera,0.0,london,A,True,846
hybridaero,12.9,rest_england,A,True,566
best body work solutions,12.9,rest_england,A,False,1
regenesis health travel,12.9,rest_england,A,True,1041
mr mrs mascarenhas t a st chamonds nursing home,12.9,rest_england,A,True,1041
prim care group,12.9,rest_england,A,False,106
square guys shb,0.0,london,A,True,1041
nonna juana,12.9,rest_england,A,True,935
double impact services,12.9,rest_england,A,True,566
cyden,10.4,wales,A,True,1041
zm brands ltd t a oodles n oodles coventry,12.9,rest_england,A,True,1041
saint germain,0.0,london,A,True,1041
a sh limited t a spice house,27.8,scotland,A,True,393
genincode,12.9,rest_england,A,True,1041
hungerford park,12.9,rest_england,A,True,1041
gareth ward chiropractic,12.9,rest_england,A,True,1041
avanti foundation,12.9,rest_england,A,True,846
allen street clinic,12.9,rest_england,A,True,1
verified care,12.9,rest_england,A,True,1041
james nail limited t a j co nail bar,12.9,rest_england,A,True,1041
thompson wilson estate agents,12.9,rest_england,A,True,747
jaflong tandoori,12.9,rest_england,A,True,1041
stephan,12.9,rest_england,A,True,935
gb burga,12.9,rest_england,A,True,1041
shirdi sai baba,0.0,london,A,True,1041
seagate technology ireland,0.0,london,A,True,1041
intrepid owls ltd t a rest less,12.9,rest_england,A,True,1041
homlyheart,12.9,rest_england,A,False,357
gridimp,12.9,rest_england,A,True,1041
pellenc st uk,0.0,london,A,True,1
nsah alliance homes,12.9,rest_england,A,True,1041
idtechex,12.9,rest_england,A,True,1041
drayton plastics,12.9,rest_england,A,True,393
mimasm ltd t a appamondo,0.0,london,A,True,846
grow vitis,12.9,rest_england,A,True,935
marjorie mcclure school,12.9,rest_england,A,True,1041
burning bull bfd,12.9,rest_england,A,True,846
pink elephant emea,12.9,rest_england,A,True,1041
hms eco homes,12.9,rest_england,A,True,747
g m roberts fishing nefyn,12.9,rest_england,A,True,1041
costcutter greenock,12.9,rest_england,A,True,935
sbr retail,0.0,london,A,True,1041
cotton passion uk,12.9,rest_england,A,True,846
norfolk and norwich association for the blind t a vision norfolk,12.9,rest_england,A,False,475
harxplus,12.9,rest_england,A,True,747
onesa partners uk,0.0,london,A,True,467
archna,12.9,rest_england,A,True,566
suusd uk,12.9,rest_england,A,True,272
midland telecom networks group,12.9,rest_england,A,True,393
langstone engineering,12.9,rest_england,A,True,1041
local express,0.0,london,A,True,1041
thetford visionplus,12.9,rest_england,A,True,1041
levelup talent solutions,12.9,rest_england,A,True,1041
cars spot,12.9,rest_england,A,True,846
homeaglobe,12.9,rest_england,A,True,747
s d int,12.9,rest_england,A,True,1041
elm villa madeley practice,12.9,rest_england,A,True,1041
ms minibuses,12.9,rest_england,A,True,846
firestone belfast,14.0,ni,A,True,1041
xeptionflow,0.0,london,A,True,566
gdm international,12.9,rest_england,A,True,1
the lifescape project,0.0,london,A,True,566
vector gb,12.9,rest_england,A,True,1041
lee s mini market,12.9,rest_england,A,True,846
highercroft news,12.9,rest_england,A,True,1
cmk superstores,12.9,rest_england,A,True,846
syldon foods,0.0,london,A,True,1041
middle east plastic international,0.0,london,A,True,747
clacton dental care ltd t a together dental,12.9,rest_england,A,True,1041
lightfield london,0.0,london,A,True,1041
the mudchute association,0.0,london,A,True,393
almarai,12.9,rest_england,A,True,747
ssr technologies uk,12.9,rest_england,A,True,1041
ademola pvt,12.9,rest_england,A,False,1
the curry kitchen,12.9,rest_england,A,True,1041
riley square limited t a nisa local,12.9,rest_england,A,True,1
im global partner uk,0.0,london,A,True,1041
comfy home properties,12.9,rest_england,A,True,393
yorkshire trade kitchens rotherham,12.9,rest_england,A,True,846
newcleo,0.0,london,A,False,188
naim takeaway,10.4,wales,A,True,566
caprice cloud technologies,0.0,london,A,True,1041
nature broking,0.0,london,A,True,1
saka maka 2 limited ta saka maka,0.0,london,A,False,294
above difference,12.9,rest_england,A,True,1041
tun abdul razak research centre,12.9,rest_england,A,True,1041
aux merveilleux de fred,0.0,london,A,True,1041
kabilas house,12.9,rest_england,A,True,1
heartlands news,12.9,rest_england,A,True,1041
prime energy markets,0.0,london,A,False,832
allen pyke associates,12.9,rest_england,A,True,1041
kurum group,0.0,london,A,True,747
ifor williams trailers,12.9,rest_england,A,True,1041
pz cussons,12.9,rest_england,A,True,1041
westco resources,12.9,rest_england,A,True,935
taskial solution,0.0,london,A,True,209
beone medicines uk,0.0,london,A,True,272
eip management gmbh,0.0,london,A,True,1041
spire healthcare,0.0,london,A,True,1041
snowball investment and management consultant ltd trading as the live inn whitbourne,12.9,rest_england,A,True,1041
rainbow professional,12.9,rest_england,A,True,1041
automotia,12.9,rest_england,A,True,566
mirahmad sardar,12.9,rest_england,A,False,1
vinyl factory manufacturing,0.0,london,A,True,1041
minster enterprises,12.9,rest_england,A,True,1041
jaysh care services,12.9,rest_england,A,True,1041
hometree marketplace,0.0,london,A,True,393
aspects care,12.9,rest_england,A,True,1041
london fields primary school,0.0,london,A,True,393
lustro,12.9,rest_england,A,True,1041
rwc partners,0.0,london,A,True,1041
energy network services,12.9,rest_england,A,True,467
people paye,12.9,rest_england,A,True,1041
terranova network limited t a getground,0.0,london,A,True,1041
dugout,0.0,london,A,False,106
twinglobe care,12.9,rest_england,A,True,1041
la tartine london,0.0,london,A,True,1041
boonnak thai restaurant,12.9,rest_england,A,True,1041
oddlygood uk,0.0,london,A,True,566
lowerhouse mini market,12.9,rest_england,A,True,935
ignition wealth uk,0.0,london,A,True,935
esri uk,12.9,rest_england,A,True,1041
interlink software services,12.9,rest_england,A,True,1041
khokhar sons,12.9,rest_england,A,True,846
aaha foods ltd t a reddy s eat in and takeaway,12.9,rest_england,A,True,846
furmanac group,12.9,rest_england,A,False,106
britannia social care,12.9,rest_england,A,True,393
monash enterprises,12.9,rest_england,A,True,1041
aaa freight services,27.8,scotland,A,True,1041
gt stewart,0.0,london,A,True,1041
sasko,12.9,rest_england,A,True,1041
the highfield hotel,12.9,rest_england,A,True,1041
forge europa,12.9,rest_england,A,True,1
dementech,0.0,london,A,True,1
prolific glaze,12.9,rest_england,A,True,747
coherence neuro,12.9,rest_england,A,True,209
trafigura,0.0,london,A,True,1041
suri marketing,12.9,rest_england,A,True,1
richard julian and associates,12.9,rest_england,A,False,106
novo healthcare,12.9,rest_england,A,False,769
a a contractors midlands,12.9,rest_england,A,True,1041
seven stars service,12.9,rest_england,A,True,846
inova parts,12.9,rest_england,A,True,846
oxford photovoltaics,12.9,rest_england,A,True,1041
ecolog international uk,12.9,rest_england,A,True,1041
leia24,0.0,london,A,True,846
harding james partnership,12.9,rest_england,A,True,846
servis facilities,0.0,london,A,True,566
cooke aquaculture uk holdings,12.9,rest_england,A,True,1041
zaam wholesale distribution,12.9,rest_england,A,True,393
mhs care,12.9,rest_england,A,False,184
rhondda hospitality,12.9,rest_england,A,True,566
rock and roll recipe ltd t a radhuni,12.9,rest_england,A,True,1041
divine home care,12.9,rest_england,A,True,935
narz,12.9,rest_england,A,True,566
apple leisure,0.0,london,A,True,747
hydrosurv unmanned survey uk,12.9,rest_england,A,True,272
protech team,12.9,rest_england,A,True,393
hanzak,12.9,rest_england,A,True,272
greenhouse pr,12.9,rest_england,A,True,935
drb schools and academies services ltd services,12.9,rest_england,A,True,1041
frontisti services,0.0,london,A,False,832
wzk limited t as patel s food chaat harrow,12.9,rest_england,A,True,272
m j antonvijayarajah t a kenito s piri piri,0.0,london,A,True,1041
norbury dessert house,12.9,rest_england,A,True,1041
t t thumb engineering and construction,12.9,rest_england,A,True,846
orchid woodlands healthcare,12.9,rest_england,A,False,832
shire cottage t as sanam balti,12.9,rest_england,A,False,726
fernley medical centre,12.9,rest_england,A,True,1041
3b sourcing uk,0.0,london,A,True,1041
rm architects,0.0,london,A,True,1041
n27 business,12.9,rest_england,A,True,1041
seven day grocers,12.9,rest_england,A,True,1041
wembley kebabish,12.9,rest_england,A,True,566
c project ldn ltd t a cocotte,0.0,london,A,True,747
global commerce industry,27.8,scotland,A,True,272
wolverhampton girls high school,12.9,rest_england,A,True,467
finedine restaurant,12.9,rest_england,A,True,1041
pearl infra,12.9,rest_england,A,True,747
avon education services,12.9,rest_england,A,True,1041
abintus consulting,0.0,london,A,True,1041
continuum health,0.0,london,A,True,1041
turnstile group,0.0,london,A,True,1041
wishwise,12.9,rest_england,A,True,935
reversec uk,12.9,rest_england,A,True,272
rahmah beds,12.9,rest_england,A,False,832
tero marine uk,12.9,rest_england,A,True,1041
ryecroft glenton,12.9,rest_england,A,True,747
the maggie keswick jencks cancer caring centres trust,27.8,scotland,A,True,1041
richter associates exeter,12.9,rest_england,A,True,393
true physio,12.9,rest_england,A,True,1041
highland care uk,0.0,london,A,True,1041
simmons mouldings,12.9,rest_england,A,True,747
baydar,12.9,rest_england,A,True,1041
eurofins agroscience services,12.9,rest_england,A,True,747
gs hotels,12.9,rest_england,A,True,1041
hedgeflows,0.0,london,A,True,1041
harvey norman trading uk,12.9,rest_england,A,True,393
tapi uk,0.0,london,A,True,1
prowise healthcare,12.9,rest_england,A,True,1041
moulsham residential home chelmsford,12.9,rest_england,A,True,566
l knighton,0.0,london,A,True,1
aa concrete uk,12.9,rest_england,A,True,1041
fastline chauffer service,12.9,rest_england,A,True,1041
konfloor,12.9,rest_england,A,True,1041
breese fitness,12.9,rest_england,A,False,574
dai magister,0.0,london,A,False,832
jollofe,12.9,rest_england,A,True,1041
rite deals marketing,0.0,london,A,True,1041
vedas apps,0.0,london,A,True,1041
turpin miller,12.9,rest_england,A,True,1041
retarus uk,12.9,rest_england,A,True,1041
illustrate digital,10.4,wales,A,True,272
wpp brands uk,0.0,london,A,True,1041
shawe physio,12.9,rest_england,A,True,747
four wings,12.9,rest_england,A,True,846
adams moore,12.9,rest_england,A,True,1041
exile group,0.0,london,A,True,1041
mexican grill ltd t a tortilla,0.0,london,A,True,1041
costcutter,0.0,london,A,True,1041
everna,0.0,london,A,True,1041
kg riverside accountants,12.9,rest_england,A,True,272
association of commonwealth universities head office,0.0,london,A,True,935
dignity express health care,12.9,rest_england,A,True,1041
gumley house convent school for girls,12.9,rest_england,A,True,846
resultance uk,0.0,london,A,True,393
greyfriars surgery,12.9,rest_england,A,True,1041
winston strawn london,0.0,london,A,True,1041
the sports consultancy,0.0,london,A,True,1041
preply uk services,0.0,london,A,True,566
staash enterprises ltd t a papa john s pizza,12.9,rest_england,A,True,1041
amicura,12.9,rest_england,A,True,935
identical dental laboratory,0.0,london,A,True,1041
uk construction renovation,12.9,rest_england,A,True,935
chain iq uk,0.0,london,A,True,935
circadia technologies,0.0,london,A,True,1041
rs dry cleaning,0.0,london,A,True,846
berkeley catering,0.0,london,A,True,1041
cedr services,0.0,london,A,True,1041
the leaf india ltd t a the leaf south indian restaurant,12.9,rest_england,A,True,935
conductor marketing,12.9,rest_england,A,True,566
blends flavours and colours,12.9,rest_england,A,True,1
sra private ltd t a riverside mini market,12.9,rest_england,A,True,566
kaizen foods limited t a pepe s piri piri,0.0,london,A,True,1041
equicare services,12.9,rest_england,A,True,1
zocalo,12.9,rest_england,A,True,1041
mrs lalitha vijayarajah t as stockingford mini market,12.9,rest_england,A,True,1041
stratford school academy,0.0,london,A,True,1041
coach academy,12.9,rest_england,A,True,467
douneside house,27.8,scotland,A,True,1041
dundas chemical,12.9,rest_england,A,True,1
kam freight services,12.9,rest_england,A,True,1
instatech global,12.9,rest_england,A,True,1041
arctiq services,0.0,london,A,True,467
mercy gold,12.9,rest_england,A,True,1041
al mamun associates pvt,0.0,london,A,True,846
families community support service,0.0,london,A,False,832
focus tech,0.0,london,A,False,1
tsokov construct,12.9,rest_england,A,True,209
trax international,0.0,london,A,True,1041
gk tiffin limited t a rajah rowing dulwich kitchen,0.0,london,A,True,1041
redwood technology,12.9,rest_england,A,True,1041
gexcon uk,12.9,rest_england,A,True,1041
angad trading,0.0,london,A,True,1041
the avenues medical centre,12.9,rest_england,A,True,1041
gigs u k ltd wework building,0.0,london,A,True,393
bulk atlantic uk,0.0,london,A,False,637
smartech service,12.9,rest_england,A,True,1041
lumen specialty,0.0,london,A,True,272
bonhams 1793,0.0,london,A,True,1041
northstone ni,12.9,rest_england,A,True,1041
elam dean ghazi,12.9,rest_england,A,True,935
founders law,0.0,london,A,True,747
nurses friend,12.9,rest_england,A,False,769
b b hotels uk,0.0,london,A,True,747
beaumont lodge,12.9,rest_england,A,True,1041
bose,12.9,rest_england,A,True,747
selling master,12.9,rest_england,A,True,747
rs security solutions,12.9,rest_england,A,False,453
niros consulting,12.9,rest_england,A,True,1041
crystal hospitality services,27.8,scotland,A,True,747
hakutsuru sake of europe,0.0,london,A,True,1041
centenary restaurant,12.9,rest_england,A,True,566
kaar technologies uk,12.9,rest_england,A,True,1041
allagents,27.8,scotland,A,True,1041
total tools,12.9,rest_england,A,True,1041
munnelly support services,12.9,rest_england,A,True,1041
dales water services,12.9,rest_england,A,True,1041
cambridge union society enterprises,12.9,rest_england,A,True,566
bronze ni,12.9,rest_england,A,True,1041
botteginos,12.9,rest_england,A,True,1041
rsa surgical centre,12.9,rest_england,A,True,566
providence lodge,12.9,rest_england,A,True,1
sennep,0.0,london,A,True,1041
starr builders,12.9,rest_england,A,True,747
crystal kitchen bedrooms,12.9,rest_england,A,True,467
hawlage hawk,12.9,rest_england,A,True,566
northbrook homes,12.9,rest_england,A,True,1041
ceylon dosa,12.9,rest_england,A,True,935
zoha london,0.0,london,A,True,747
nolana,0.0,london,A,True,272
venue 71,12.9,rest_england,A,True,1
mayford associates,0.0,london,A,True,1041
ford medical practice n84029,12.9,rest_england,A,True,1041
rivingtonhark limited t a rivingtonhark,0.0,london,A,True,566
second front systems,12.9,rest_england,A,True,272
azeem s restaurant,12.9,rest_england,A,True,846
kingdom care services,12.9,rest_england,A,False,280
a b concrete pumping,12.9,rest_england,A,True,747
west midlands growth,12.9,rest_england,A,True,1041
lazania tandori restaurant bar,0.0,london,A,True,935
bricklane technologies,0.0,london,A,True,1041
dulce s cakes patisserie,12.9,rest_england,A,True,1041
kn bros limited t a the aura,12.9,rest_england,A,False,832
crossover markets uk,0.0,london,A,True,1041
parama sons limited ta strelley convenience store,12.9,rest_england,A,True,846
the prestige recruitment agency,12.9,rest_england,A,False,369
upper shirley high school,12.9,rest_england,A,True,1041
trent vale medical practice,12.9,rest_england,A,True,1041
rosato,12.9,rest_england,A,True,1041
thompson allen,12.9,rest_england,A,True,935
the skinners school academy trust,12.9,rest_england,A,False,769
shl group,12.9,rest_england,A,True,1041
sa fa events,0.0,london,A,True,1041
jaswant singh bhatt t a the boathouse,12.9,rest_england,A,True,747
future leisure,0.0,london,A,True,1041
lee j,12.9,rest_england,A,True,1041
mostostal zabrze realizacje przemyslowe s a,12.9,rest_england,A,True,467
agilyx emea,12.9,rest_england,A,True,1041
organic grape spirit,12.9,rest_england,A,True,1041
kaushik construction transport services,12.9,rest_england,A,True,935
tamworth chiropractic clinic,12.9,rest_england,A,True,1041
supercede,12.9,rest_england,A,True,467
motherson technology services united kingdom,12.9,rest_england,A,True,1041
acuity engineering,12.9,rest_england,A,True,1
bezero carbon,0.0,london,A,True,1041
the chartridge conference,12.9,rest_england,A,False,106
sensing feeling,0.0,london,A,True,1041
v v v retail,10.4,wales,A,True,846
tgts london,0.0,london,A,True,747
economic modelling uk ltd t a lightcast,12.9,rest_england,A,True,209
euroeyes london knightsbridge,0.0,london,A,True,846
dynamic blends limited ta shaketastic pinner,12.9,rest_england,A,True,272
crockway farms,12.9,rest_england,A,True,747
fifty five uk ltd t a fifty five,0.0,london,A,True,1041
qhsp uk,0.0,london,A,True,747
newport indian restaurant,10.4,wales,A,False,538
best halal meat,0.0,london,A,True,1041
tmf global services uk,0.0,london,A,True,1041
smartset fashions,0.0,london,A,True,1041
mma phones ltd t a gem phones,12.9,rest_england,A,False,453
oak hill advisors u k services,0.0,london,A,True,1041
s m lighting scotland,27.8,scotland,A,True,1
bellhouse care home,12.9,rest_england,A,True,1041
seed healthcare services,12.9,rest_england,A,True,935
inline policy,0.0,london,A,True,747
the dales care home,12.9,rest_england,A,True,1
gocarmats,12.9,rest_england,A,True,935
dragonbee,0.0,london,A,False,106
biggerman food tech,0.0,london,A,False,769
night star derry pizza,0.0,london,A,True,566
universal services group,0.0,london,A,True,935
atlas frm uk,0.0,london,A,True,1
thainese kitchen,0.0,london,A,True,1041
malik riaz and sons,12.9,rest_england,A,True,566
bryden johnson,12.9,rest_england,A,True,1041
global health and safety,12.9,rest_england,A,True,1041
ncis,12.9,rest_england,A,True,1041
mkk enterprises,12.9,rest_england,A,True,1041
woodfox spice limited t a flavour,12.9,rest_england,A,False,538
foxbridge healthcare solutions,12.9,rest_england,A,True,1041
chart down news,12.9,rest_england,A,True,935
diversity economics,0.0,london,A,True,846
winley,12.9,rest_england,A,True,1041
cravings bradford,12.9,rest_england,A,True,1041
cosmopolitan accountants,12.9,rest_england,A,True,1041
hello pearl,0.0,london,A,True,1
applied information group uk limiited,0.0,london,A,True,1041
neuconnect britain,0.0,london,A,True,1041
now future,0.0,london,A,True,935
michael barclay partnership,0.0,london,A,True,1041
sterlinx global,12.9,rest_england,A,True,747
fizzy moon,12.9,rest_england,A,True,1041
aspen medical practice,12.9,rest_england,A,True,1041
gbafc,12.9,rest_england,A,True,935
public health scotland,27.8,scotland,A,True,1041
nexus xl,0.0,london,A,True,1041
premier supermarket,12.9,rest_england,A,True,1041
susash london,12.9,rest_england,A,True,1041
life pulse solutions,12.9,rest_england,A,True,272
clarendon house care limited t a clarendon house,12.9,rest_england,A,True,1041
vauxhall motors,12.9,rest_england,A,True,1041
parkfield grange care home,12.9,rest_england,A,True,846
micro spring presswork,12.9,rest_england,A,True,935
testo industrial services,12.9,rest_england,A,True,1041
xihelm,12.9,rest_england,A,False,832
denclean dental practice,12.9,rest_england,A,True,1041
boldgreen,0.0,london,A,True,846
media zoo,0.0,london,A,True,1041
the lounge hotel bar,12.9,rest_england,A,True,1041
cwmphil,10.4,wales,A,True,566
the manchester community and youth project,12.9,rest_england,A,True,566
narwhal group,12.9,rest_england,A,True,272
absolute retail consulting limited t a absolutelabs,0.0,london,A,True,1041
ent ornina,0.0,london,A,True,566
european bound,12.9,rest_england,A,True,1041
gsk stockmann international rechtsanwaltsgesellschaft mbh,0.0,london,A,True,935
bread spread,12.9,rest_england,A,True,1041
ma estates management,0.0,london,A,True,935
vinusha,12.9,rest_england,A,True,393
grapeseed media,0.0,london,A,True,1041
k g glasgow ltd t a kelvingrove store londis,27.8,scotland,A,True,846
european cargo,12.9,rest_england,A,True,467
stop n shop convience store,12.9,rest_england,A,True,846
chatham visionplus limited t a specsavers opticians,12.9,rest_england,A,True,1041
bureau consulting,0.0,london,A,True,1041
pace xl,0.0,london,A,True,467
pcs services,12.9,rest_england,A,True,209
budgetbase,12.9,rest_england,A,True,209
superdielectrics group,12.9,rest_england,A,True,1
technovate solutions,12.9,rest_england,A,True,1
vivah fashion,12.9,rest_england,A,True,747
logan sandars,12.9,rest_england,A,False,637
krishlahar,0.0,london,A,False,468
aa healthcare services,12.9,rest_england,A,True,1
gbm securities,0.0,london,A,True,566
fan systems group,12.9,rest_england,A,True,566
yura corporation uk,12.9,rest_england,A,True,1041
the ponchokhana limited t a ponchokhana,12.9,rest_england,A,True,1041
jovi entertainment,0.0,london,A,True,1041
clovercare scotland,27.8,scotland,A,True,1
tatiana karelina,12.9,rest_england,A,True,1041
chaman sweets and bakers,0.0,london,A,True,747
tracelight,0.0,london,A,True,272
chelsea corporate,0.0,london,A,True,272
areb,12.9,rest_england,A,True,1041
qrs services,12.9,rest_england,A,True,935
shanraj,0.0,london,A,True,1041
shahi masala ltd t a shahi masala buffet restaurant,12.9,rest_england,A,True,566
yorkshire glazing,12.9,rest_england,A,True,846
make and grow ltd ta progression,0.0,london,A,True,1041
fone star,12.9,rest_england,A,True,747
curzon advisers,0.0,london,A,True,1041
spectrum security,12.9,rest_england,A,True,846
wraysbury house,12.9,rest_england,A,True,1041
kanafeh house t a meat point,0.0,london,A,True,1041
quex road dental surgery,0.0,london,A,True,209
micro2,12.9,rest_england,A,True,1041
maher co solicitors,12.9,rest_england,A,True,1041
digital reality corp ltd trading as pupil and or stak,0.0,london,A,True,393
winchcombe restaurant food of india ltd t a winchcombe restaurant food of india,12.9,rest_england,A,True,566
master bakers ltd t a cakes bakes original,0.0,london,A,True,467
fuel power,12.9,rest_england,A,True,935
emerson energy and engineering services,12.9,rest_england,A,True,1041
brake bros,12.9,rest_england,A,True,1041
vialogic consulting services,12.9,rest_england,A,True,935
enva plastics,12.9,rest_england,A,True,393
guruji s empire uk,12.9,rest_england,A,True,566
stress man,12.9,rest_england,A,True,1041
aa motors uk,12.9,rest_england,A,True,935
cu medical services,12.9,rest_england,A,True,1041
capital hotels,0.0,london,A,True,1041
4170 uk,0.0,london,A,True,1
p s photay associates,12.9,rest_england,A,True,1041
hourglass cosmetics uk,0.0,london,A,True,467
oa trading,12.9,rest_england,A,True,272
creative support solutions,12.9,rest_england,A,True,393
lakeside double glazing,12.9,rest_england,A,True,1041
headstart residential care,12.9,rest_england,A,True,272
twb cambs,12.9,rest_england,A,True,272
capita pension solutions,12.9,rest_england,A,True,1041
brun lea care,12.9,rest_england,A,True,272
david nieper academy,12.9,rest_england,A,True,846
sonocent,12.9,rest_england,A,True,1041
unique professionals group,12.9,rest_england,A,True,1041
ibr property services,12.9,rest_england,A,True,846
farsound aviation,12.9,rest_england,A,True,1
gloster mep,0.0,london,A,True,935
poonams,12.9,rest_england,A,True,846
zia property maintenance,0.0,london,A,True,846
fundamental textiles,12.9,rest_england,A,True,1041
gadgets4uk ent,12.9,rest_england,A,False,832
penfold technology,0.0,london,A,True,747
fvwl football limited t a bolton wanderers football athletic,12.9,rest_england,A,True,272
horizon industries international,0.0,london,A,True,1041
oma restaurant,0.0,london,A,False,258
leostar enterprises private,12.9,rest_england,A,False,637
avaloq uk,0.0,london,A,True,1041
quick to act,0.0,london,A,True,846
st pancras hotel grp,0.0,london,A,True,1041
antonio grocery,12.9,rest_england,A,True,1
warner bros entertainment uk,0.0,london,A,True,1041
1st choice resource grp,27.8,scotland,A,True,1041
smartsway,12.9,rest_england,A,True,1041
retrofit uk installations,12.9,rest_england,A,True,935
naked truth,0.0,london,A,True,1041
divinity mk scans,12.9,rest_england,A,True,393
community counselling service uk,0.0,london,A,True,1041
cynosure healthcare services,12.9,rest_england,A,False,769
fe ger trading,12.9,rest_england,A,True,1041
town and county valuers surveyors,0.0,london,A,True,1041
kks grove retail,12.9,rest_england,A,True,1041
branksome park care centre,12.9,rest_england,A,True,1041
west view fish shop,12.9,rest_england,A,True,846
wyre solutions,12.9,rest_england,A,True,1041
ark international gb ltd t a bengal best product,12.9,rest_england,A,True,1
yewbarrow garage,12.9,rest_england,A,True,566
biologic technologies,12.9,rest_england,A,True,1041
eclerx,0.0,london,A,True,1041
direct plumb london,0.0,london,A,True,1041
calvic enterprises,12.9,rest_england,A,False,832
skill plus consultancy ltd t a edu plus care,0.0,london,A,True,1041
shopiit,12.9,rest_england,A,True,747
prestige kitchens bedrooms rochdale,12.9,rest_england,A,True,846
rass uk enterprises ltd t a rafia,12.9,rest_england,A,True,747
arrow bournemouth,12.9,rest_england,A,True,272
wendy s restaurants of u k,12.9,rest_england,A,True,1041
european nursing agency,12.9,rest_england,A,True,1041
ftg care and consultancy services,12.9,rest_england,A,True,1041
zen csr,12.9,rest_england,A,True,566
mg accountants tax advisers,12.9,rest_england,A,False,1
penial achievers,12.9,rest_england,A,False,832
neural river,12.9,rest_england,A,True,467
daiwa capital markets europe,0.0,london,A,True,1041
cherish vapor,12.9,rest_england,A,True,1041
aqua comms management uk,0.0,london,A,True,747
aaa hospitality,12.9,rest_england,A,True,566
dewhurst group,12.9,rest_england,A,True,1041
running hare restaurants,0.0,london,A,True,1041
krause automation,12.9,rest_england,A,True,1
safe tech windows,12.9,rest_england,A,True,393
oakleigh group of pharmacies,0.0,london,A,True,1041
inflo group,12.9,rest_england,A,True,566
fone centre it,12.9,rest_england,A,True,747
wang ogley,0.0,london,A,True,1
ah livings international,0.0,london,A,True,467
maya magal london,0.0,london,A,False,726
speedwell autos,0.0,london,A,True,747
ethex investment club,12.9,rest_england,A,True,272
hpref mets london,0.0,london,A,True,1041
rothschild co wealth management uk,0.0,london,A,True,1041
risedale surgery,12.9,rest_england,A,True,935
paolos italian kitchen 2020,12.9,rest_england,A,True,846
withsecure,12.9,rest_england,A,True,1041
vidya holdings,0.0,london,A,True,1041
molimoi london,0.0,london,A,True,272
squarewell partners,12.9,rest_england,A,True,1041
george codelivery,12.9,rest_england,A,True,935
fruitful insights,12.9,rest_england,A,True,467
envirocentre,27.8,scotland,A,True,1041
dellmoor,12.9,rest_england,A,True,566
agnes foods international,12.9,rest_england,A,True,1041
pathaan s collection,12.9,rest_england,A,True,846
embracive,0.0,london,A,True,1041
selvarajah kannan santhini kannant a right choice,12.9,rest_england,A,True,1041
rbc dodge industrial,12.9,rest_england,A,True,935
jape sushi,12.9,rest_england,A,False,637
aspen hill healthcare,12.9,rest_england,A,True,1041
dentality hoddesdon,12.9,rest_england,A,True,1041
upstream outcomes,12.9,rest_england,A,True,935
a f supplies,12.9,rest_england,A,True,1041
meet resources,12.9,rest_england,A,True,747
protech innovative solution,12.9,rest_england,A,True,1041
systemiq,0.0,london,A,True,1041
chitravadivelu tharmaseelan t a herstmonceux post office budgens,12.9,rest_england,A,True,1041
prime way care,12.9,rest_england,A,True,1041
sea containers hotel,0.0,london,A,True,1041
leap legal software,12.9,rest_england,A,True,1041
sun on time super market,12.9,rest_england,A,True,272
thames homecare services north,12.9,rest_england,A,True,1041
active care support,12.9,rest_england,A,True,1041
the baffled king,12.9,rest_england,A,True,747
ldf operations limited t a white oak uk,12.9,rest_england,A,True,1041
brand finance,12.9,rest_england,A,True,1041
yourcare support,12.9,rest_england,A,True,846
deep planet,12.9,rest_england,A,True,1041
mrs sivagowri annarasa t a drayton news booze,12.9,rest_england,A,True,272
buyingteam limited t a proxima,0.0,london,A,True,1041
breakthru care,12.9,rest_england,A,True,1041
bombay rickshaw london limited t a impasto,0.0,london,A,True,747
amachyck care solution,0.0,london,A,True,1041
zorba group,12.9,rest_england,A,True,1041
franks family foundation,0.0,london,A,True,1041
a1 sushi,12.9,rest_england,A,False,637
g111rls,12.9,rest_england,A,True,566
be kind studios,12.9,rest_england,A,True,846
phone stop,12.9,rest_england,A,True,1041
jai amba mata 29,12.9,rest_england,A,True,1
trueark healthcare,12.9,rest_england,A,True,1041
solomon soja,0.0,london,A,True,1
next step heating,0.0,london,A,True,747
insights t a isx4,12.9,rest_england,A,True,1041
carboebourne,0.0,london,A,True,566
aeorema,0.0,london,A,True,1041
faith care line services,12.9,rest_england,A,False,294
mots we do,12.9,rest_england,A,True,1041
lombardi capital,0.0,london,A,True,846
billinge newsagent,12.9,rest_england,A,True,1041
london structures lab,0.0,london,A,True,1041
northsnow,12.9,rest_england,A,True,1041
angela baby,12.9,rest_england,A,True,1041
chiswick auctions,0.0,london,A,True,1041
agal wellbeing services,12.9,rest_england,A,True,566
chastleton medical group,12.9,rest_england,A,True,1041
rhondda cynon taf county borough council,12.9,rest_england,A,True,1041
orchid assisted living,12.9,rest_england,A,True,1
crafter s companion,12.9,rest_england,A,False,280
andrew philips,0.0,london,A,True,1041
3i constructions,0.0,london,A,True,1041
sanghera construction,12.9,rest_england,A,True,846
london domestic appliances uk,0.0,london,A,True,566
bpg holding uk,0.0,london,A,True,1041
crescent print edinburgh,27.8,scotland,A,False,357
shalom homecare,12.9,rest_england,A,True,1041
st ann s,12.9,rest_england,A,True,1041
zedra trust company uk,12.9,rest_england,A,True,1041
aptus legal,12.9,rest_england,A,True,209
rgv aviation,12.9,rest_england,A,True,1041
al3d,12.9,rest_england,A,True,1041
path for global health,0.0,london,A,True,566
itvantage systems,12.9,rest_england,A,True,1041
springmill tyres,12.9,rest_england,A,True,1041
sunnycutz barbers academy,0.0,london,A,True,846
aspatria medical group,12.9,rest_england,A,True,1041
ait worldwide uk logistics,12.9,rest_england,A,True,272
80 20 communications,12.9,rest_england,A,True,846
hb tunnelling,12.9,rest_england,A,True,1
ciclozone,12.9,rest_england,A,True,1041
brit asian kitchen,12.9,rest_england,A,True,1
objectivus financial consulting,0.0,london,A,True,1041
hope lighting solutions,12.9,rest_england,A,True,1
aegon uk,0.0,london,A,True,1041
shoreditch opco,12.9,rest_england,A,True,393
cadxtra,12.9,rest_england,A,True,846
korean kimchi,12.9,rest_england,A,True,467
forum cio,12.9,rest_england,A,True,846
gbgk,12.9,rest_england,A,True,467
spicymart ltd t a taste of gurkha,12.9,rest_england,A,True,1041
mf care group,12.9,rest_england,A,True,1
khorsandcapital,0.0,london,A,True,1041
hawkwood capitall,0.0,london,A,True,1041
aleksha care limited t a dalling house,12.9,rest_england,A,True,272
muehlhan wind service a s,12.9,rest_england,A,True,1041
tech engineering uk,12.9,rest_england,A,True,935
mak community care,12.9,rest_england,A,False,648
smc pneumatics uk,12.9,rest_england,A,False,106
kerala ayurveda spa clinic,12.9,rest_england,A,True,1041
qian,12.9,rest_england,A,True,1041
mega unique touch,12.9,rest_england,A,True,1
alandale logistics,0.0,london,A,True,1041
ummah care support,12.9,rest_england,A,True,935
life plan solutions,12.9,rest_england,A,True,1
the foundations trust,12.9,rest_england,A,True,1041
one dee,0.0,london,A,True,467
zenith multi academy trust,12.9,rest_england,A,True,747
newman labelling,12.9,rest_england,A,True,846
256 logistics,12.9,rest_england,A,True,1
sylwia care,0.0,london,A,True,467
mina s,0.0,london,A,True,935
ak immigration services,12.9,rest_england,A,True,467
the national brain appeal,0.0,london,A,True,747
city quays hotel,14.0,ni,A,True,846
247 live in ccompanions,12.9,rest_england,A,False,542
celerion gb,14.0,ni,A,True,1041
willis limited trading as willis towers watson,0.0,london,A,True,1041
ceren construction,0.0,london,A,True,1041
turner home,12.9,rest_england,A,True,1041
aoi japanese restaurant,12.9,rest_england,A,True,935
rudler car transportation storage,12.9,rest_england,A,True,1041
abaseen one,12.9,rest_england,A,True,566
trl,12.9,rest_england,A,True,1041
drlg ltd t a the appliance outlet,12.9,rest_england,A,True,846
china construction bank corporation london branch,0.0,london,A,True,1041
specialist insight,12.9,rest_england,A,True,747
a h local supermarket,12.9,rest_england,A,True,1041
talent systems europe,0.0,london,A,True,1
mariama care,12.9,rest_england,A,False,294
gm speciality vehicles uk,12.9,rest_england,A,True,1041
specialist lending,12.9,rest_england,A,True,1041
dedigama holdings limited t a the royal hotel,12.9,rest_england,A,False,475
sufsec security group,0.0,london,A,True,467
smart tech services,0.0,london,A,True,747
smart security services,12.9,rest_england,A,True,1041
silverberry food,0.0,london,A,True,1041
zenith leather,12.9,rest_england,A,True,1041
spice hut braintree ltd t a the ruby,12.9,rest_england,A,True,1041
baguette 4 u stephenson,12.9,rest_england,A,True,1041
cf partners services uk,0.0,london,A,False,1
7 days local coventry,12.9,rest_england,A,True,1041
the globe town surgery,0.0,london,A,True,1041
asset organisation,12.9,rest_england,A,True,935
blam pictures,0.0,london,A,True,1
unimagined,0.0,london,A,True,1041
akm north,12.9,rest_england,A,True,1041
romad,12.9,rest_england,A,True,1041
hurst hall care home,12.9,rest_england,A,True,747
desai brothers catering pvt,12.9,rest_england,A,True,1041
atlas care homes,12.9,rest_england,A,True,1041
valimex import export,0.0,london,A,True,1041
pioneer bd ltd t a alhambra cafe,0.0,london,A,True,1041
webuild pvt,12.9,rest_england,A,True,846
st martin s management,12.9,rest_england,A,True,1041
kalpana enterprise,12.9,rest_england,A,True,935
laser clinics uk managment,0.0,london,A,True,1041
nest management,12.9,rest_england,A,True,935
jointmedica,12.9,rest_england,A,True,467
the buffalo farm,12.9,rest_england,A,False,1
i m corporates limited t a fone planet,12.9,rest_england,A,True,1
ryan solutions management services,12.9,rest_england,A,True,747
vg s,12.9,rest_england,A,True,935
rpgcc,0.0,london,A,True,1
decent shop front shutters,12.9,rest_england,A,True,566
hershey uk finance,0.0,london,A,True,1041
peepal care,0.0,london,A,True,1041
474 management limited t a duke of design,12.9,rest_england,A,True,1041
lrm security,12.9,rest_england,A,True,209
marse,12.9,rest_england,A,True,1041
rock raw,0.0,london,A,True,935
de novo architecture,12.9,rest_england,A,True,1041
hans construction,12.9,rest_england,A,True,935
predictiva,12.9,rest_england,A,True,1041
kirkoswald capital partners,0.0,london,A,True,1041
osiris resources,12.9,rest_england,A,True,747
thoughtspot emea,0.0,london,A,True,1041
remedy geotechnics,12.9,rest_england,A,True,1041
leopard hotel 5,12.9,rest_england,A,False,357
j l gouldings son,12.9,rest_england,A,True,393
tm management services,0.0,london,A,True,272
friz brands,0.0,london,A,True,1041
stoica,0.0,london,A,False,832
gitlife biotech,12.9,rest_england,A,True,467
dharmesh parekh,12.9,rest_england,A,True,467
premier sophia store,10.4,wales,A,True,393
gadget box,12.9,rest_england,A,True,935
celtic royal hotel,12.9,rest_england,A,True,1041
colas rail,0.0,london,A,True,1041
gill shopfronts,12.9,rest_england,A,True,566
torbay care,12.9,rest_england,A,True,935
crif realtime,0.0,london,A,True,1041
milford group ltd t a viceroy restaurant,12.9,rest_england,A,False,832
francis and lewis international,12.9,rest_england,A,True,935
ec shirley solihull,12.9,rest_england,A,True,393
dunelm retails,12.9,rest_england,A,True,1041
traditional spice ltd t a sakura indian,12.9,rest_england,A,True,1041
hi mum said dad,0.0,london,A,True,846
highway coaches,12.9,rest_england,A,True,935
mccain foods gb,12.9,rest_england,A,True,1041
smokies entertainments,12.9,rest_england,A,True,1
elite care at home,12.9,rest_england,A,True,935
lumos media,0.0,london,A,True,935
kurumilagu indian kitchen,12.9,rest_england,A,True,1
khawaja co associates,12.9,rest_england,A,True,747
amstecos,14.0,ni,A,True,1041
biscotti,0.0,london,A,True,1
nowell forecourts,12.9,rest_england,A,True,1041
frank shaw associated,12.9,rest_england,A,True,1041
tfu,12.9,rest_england,A,True,1041
ai market,0.0,london,A,True,747
byron byron,0.0,london,A,True,1041
beeches express convenience store and post office,12.9,rest_england,A,True,846
millennium medical products,12.9,rest_england,A,True,1041
build solar,12.9,rest_england,A,True,1041
r walters,0.0,london,A,True,1041
evergreen care wales,12.9,rest_england,A,True,1041
pearson specter ltd pearson developers,0.0,london,A,True,1041
queens college,12.9,rest_england,A,True,1041
elara retail limited t a costcutter post office herne hill,0.0,london,A,True,846
astrid miyu,0.0,london,A,True,393
jda care,12.9,rest_england,A,True,1041
leviton manufacturing uk,12.9,rest_england,A,True,1041
pinpoint partners worldwide,0.0,london,A,True,1041
cloud made,0.0,london,A,True,1041
w event services,12.9,rest_england,A,True,1
eldon stores ltd t a eldon street convenience store,12.9,rest_england,A,True,935
vebs consultant,12.9,rest_england,A,True,1041
ejl retail,12.9,rest_england,A,True,1041
ak autos,12.9,rest_england,A,True,1041
ts partnership,12.9,rest_england,A,True,1041
trim homes,12.9,rest_england,A,True,1041
town and country care homes,12.9,rest_england,A,False,99
b c strategy uk,0.0,london,A,True,1041
care label,12.9,rest_england,A,True,1041
expert insights tech,12.9,rest_england,A,True,467
high scream,0.0,london,A,True,1041
la campagna bar restaurant limited t a la campagna restaurant bar,12.9,rest_england,A,True,566
sentinel labs,12.9,rest_england,A,True,935
mach bazaar,12.9,rest_england,A,True,846
nutanix,12.9,rest_england,A,True,1041
sm nathan,12.9,rest_england,A,True,935
university of southampton,78.9,rest_england,other,True,1041
h a brothers,12.9,rest_england,A,False,99
aventum group management services,0.0,london,A,True,1
convergix uk,12.9,rest_england,A,True,272
arise coffee roasters,0.0,london,A,True,1041
ceiba community support,12.9,rest_england,A,True,935
amayrah fashion,12.9,rest_england,A,True,747
the thinking schools academy trust,12.9,rest_england,A,True,1041
goldtech care services,12.9,rest_england,A,True,1041
maison francaise d oxford,12.9,rest_england,A,True,1041
s t galleries,0.0,london,A,True,1
adi logo,12.9,rest_england,A,True,846
aye eat,27.8,scotland,A,True,846
sanijah techs,0.0,london,A,True,747
cobalt consulting uk,0.0,london,A,True,1041
one stop care,12.9,rest_england,A,True,1041
butt kebabish,0.0,london,A,False,648
bar collective,0.0,london,A,True,1
ocorian services uk,0.0,london,A,True,1041
new botley road sushi,0.0,london,A,True,467
horizon travels,12.9,rest_england,A,True,846
south coast stone,12.9,rest_england,A,True,1041
plymouth marine laboratory,12.9,rest_england,A,True,1041
the oakhaven trust,12.9,rest_england,A,True,566
nouman,0.0,london,A,True,1041
the suppliers market,12.9,rest_england,A,True,935
ethereal blooms,0.0,london,A,True,935
nmc haulage,12.9,rest_england,A,True,1
ternan energy,27.8,scotland,A,True,1041
the little tugboat day nursery,0.0,london,A,True,1041
motorfinity group,12.9,rest_england,A,True,935
akshar express,12.9,rest_england,A,True,1041
f studio london,0.0,london,A,True,393
led eco lights,12.9,rest_england,A,True,846
emocial,12.9,rest_england,A,True,467
basis research,0.0,london,A,True,467
aim homecare,12.9,rest_england,A,True,467
a h united enterprise,12.9,rest_england,A,True,1
tyga restaurant bar,12.9,rest_england,A,True,1
allure creation,0.0,london,A,True,1
glenrothes vision plus,12.9,rest_england,A,True,1041
granada apartments,12.9,rest_england,A,True,1041
beur,0.0,london,A,True,393
academically,12.9,rest_england,A,True,1041
hollyman care homes,12.9,rest_england,A,True,1041
kido schools uk,12.9,rest_england,A,True,1041
ssbm23 ta kolae,0.0,london,A,True,846
tyres today gb,12.9,rest_england,A,True,935
tu haseen,12.9,rest_england,A,False,637
metcalfe metal,12.9,rest_england,A,True,467
nicole tailoring boutique,12.9,rest_england,A,True,1041
harley street studio,0.0,london,A,True,1
commercial convenience,12.9,rest_england,A,True,846
seomg,12.9,rest_england,A,True,1
orion resources partners uk,0.0,london,A,True,209
monmouthshire county council,12.9,rest_england,A,True,1041
hawes curtis,0.0,london,A,True,1041
john mcquillan contracts,12.9,rest_england,A,True,935
islay house,0.0,london,A,True,566
acrisure re canada,0.0,london,A,False,294
micro creations,12.9,rest_england,A,True,1041
lincoln international,0.0,london,A,True,1041
north west energy grants,12.9,rest_england,A,True,935
capewell gibson health solutions,12.9,rest_england,A,False,832
png distribution,12.9,rest_england,A,True,467
mr s k rajakulasingam t a skr superstore,12.9,rest_england,A,True,846
transol logistics,12.9,rest_england,A,True,935
the healing hub mental wellness,0.0,london,A,True,467
perry vale,0.0,london,A,True,566
longview productions,0.0,london,A,True,393
yumilicious,12.9,rest_england,A,True,566
dewan estates,12.9,rest_england,A,False,542
s p s supermarket,12.9,rest_england,A,True,846
aurora world,12.9,rest_england,A,True,1041
aspiga,0.0,london,A,True,1041
ananta ayurveda,12.9,rest_england,A,True,467
rk motors mot centre,12.9,rest_england,A,True,846
care first class uk,12.9,rest_england,A,True,1041
jm gsk,12.9,rest_england,A,True,846
labyrinth events,0.0,london,A,True,1
cornspring,0.0,london,A,True,272
bowery europe,0.0,london,A,True,935
complete cover group,0.0,london,A,True,1041
lewis kingsnorth,12.9,rest_england,A,True,1041
the gables care home,12.9,rest_england,A,True,1041
mt components,12.9,rest_england,A,True,1041
shahi zaika,0.0,london,A,True,935
hellesdon medical practice,12.9,rest_england,A,True,566
amara living,12.9,rest_england,A,True,1041
myk,0.0,london,A,True,1041
saiserv,12.9,rest_england,A,True,1041
glenn thelwell and associates dental care,12.9,rest_england,A,True,272
the liverpool recruitment company uk,12.9,rest_england,A,True,846
smi marketing,12.9,rest_england,A,True,846
the sand bar leigh,12.9,rest_england,A,True,747
babcam support for living,12.9,rest_england,A,True,566
my way london,12.9,rest_england,A,True,272
yps trading limited t a subway,12.9,rest_england,A,True,935
syos aerospace uk,12.9,rest_england,A,True,566
e z transport,12.9,rest_england,A,True,747
malini12 ltd t a max convenience store,27.8,scotland,A,True,566
taste of asia t a asian taste npt,10.4,wales,A,True,935
geoquip marine services,12.9,rest_england,A,True,1
b h foods,12.9,rest_england,A,True,1041
michael j lonsdale,0.0,london,A,True,1041
alamaz,12.9,rest_england,A,True,566
vantage info solutions,0.0,london,A,True,1041
revix uk,12.9,rest_england,A,True,747
waverly solutions,12.9,rest_england,A,True,747
studio cypher,0.0,london,A,True,1041
ooviya,12.9,rest_england,A,True,747
northern angels care,12.9,rest_england,A,True,846
london rheumatology centre,0.0,london,A,True,1
mj data solutions,12.9,rest_england,A,True,393
js international trade uk,12.9,rest_england,A,True,1
vinspire infotech,12.9,rest_england,A,False,280
daisy healthcare,12.9,rest_england,A,False,832
mkgp plus,12.9,rest_england,A,False,574
camco management,0.0,london,A,True,1041
apl europe uk,0.0,london,A,True,272
sar uk,12.9,rest_england,A,True,1041
m s food and wine,12.9,rest_england,A,True,935
tmt finance,0.0,london,A,True,467
sd e,0.0,london,A,True,1041
keystream group,0.0,london,A,True,1041
k p live in services,12.9,rest_england,A,True,1041
turnstone construction,0.0,london,A,True,1041
oasis pro,12.9,rest_england,A,True,209
al zain london,0.0,london,A,True,935
essentia global services,0.0,london,A,True,747
so purple group,12.9,rest_england,A,True,1041
office for national statistics,10.4,wales,A,True,1041
saasha,12.9,rest_england,A,True,935
aurionpro uk,12.9,rest_england,A,True,272
s a care services,12.9,rest_england,A,True,1041
cashdash uk,0.0,london,A,True,1041
shape technologies group uk,12.9,rest_england,A,True,566
bearfields,12.9,rest_england,A,False,832
falmouth university,12.9,rest_england,A,True,1041
kara healthcare park house,12.9,rest_england,A,True,566
dewdrops properties,12.9,rest_england,A,True,1041
hm poperty letting,12.9,rest_england,A,True,1041
franco signs,12.9,rest_england,A,True,935
the numerical algorithms group,12.9,rest_england,A,True,1041
resolute asset management,0.0,london,A,False,106
genomics england,0.0,london,A,True,1041
midlothian car sales ltd t a magnum car sales,12.9,rest_england,A,True,747
toros restaurant ltd t a hatay brasserie,0.0,london,A,True,272
serco ltd t a serco group,12.9,rest_england,A,True,1041
impress solutions,12.9,rest_england,A,True,1041
asurion europe,12.9,rest_england,A,True,1041
greenwish one,12.9,rest_england,A,True,1041
newmarket dine ltd t a montaz contemporary indian dining,12.9,rest_england,A,True,1041
the somers town community association camden,12.9,rest_england,A,True,393
physmed ltd trading as clacton chiropractic clinic,12.9,rest_england,A,False,106
pexapark uk,12.9,rest_england,A,True,1
hua nan commercial bank,0.0,london,A,True,1041
ignite nursing,12.9,rest_england,A,True,935
tnj care ltd t a homelands,12.9,rest_england,A,True,935
cotteswold house dental care gloucester,12.9,rest_england,A,True,1
great child,12.9,rest_england,A,True,935
imi publishing,0.0,london,A,True,846
deutsch doner kebab,14.0,ni,A,True,935
miles shipping,12.9,rest_england,A,True,935
noiselesstwinkle,0.0,london,A,True,566
bere peninsula pharmacy,12.9,rest_england,A,True,1
chahana,12.9,rest_england,A,True,566
simple life apps uk,0.0,london,A,True,272
hi fresh,12.9,rest_england,A,True,1041
alinda capital partners,0.0,london,A,False,195
ftai airopco uk,10.4,wales,A,True,1
weekes retail investment,12.9,rest_england,A,True,846
re shape opco,0.0,london,A,True,935
bluefin talent,0.0,london,A,True,1041
bl halesowen limited t a bangla lounge,12.9,rest_england,A,False,475
the shah jahan restaurant,12.9,rest_england,A,True,1041
new spring holdings,0.0,london,A,True,1041
gabest ltd t a samis african foods northampton,12.9,rest_england,A,True,272
p j carey contractors,12.9,rest_england,A,True,1041
beatchain,12.9,rest_england,A,True,935
gcp uk,12.9,rest_england,A,True,1041
brookes home care services,0.0,london,A,True,1041
uk home care,12.9,rest_england,A,True,1041
normanton lodge,12.9,rest_england,A,True,1041
hk design and construction,0.0,london,A,True,935
ald support,12.9,rest_england,A,True,1041
oliver aesthetics,0.0,london,A,True,1041
mb staines,12.9,rest_england,A,True,1041
lsc stanmore,12.9,rest_england,A,True,846
the ferryhill and chilton medical practice,12.9,rest_england,A,True,1041
aesseal,12.9,rest_england,A,True,1041
gaiacode,12.9,rest_england,A,True,1041
jrect,0.0,london,A,True,747
bellstones,0.0,london,A,True,566
precision microdrives,0.0,london,A,True,1041
tata elxsi,0.0,london,A,True,1041
muzulu,12.9,rest_england,A,True,1041
koyo global,12.9,rest_england,A,False,357
saglobal europe,10.4,wales,A,True,1041
taycare medical,12.9,rest_england,A,True,467
future health and social care association cic,12.9,rest_england,A,True,467
cherrytree care,12.9,rest_england,A,True,1041
sh brunel limited t a harbour house,12.9,rest_england,A,True,1041
smc corporation uk,12.9,rest_england,A,True,846
david ritchie implements,12.9,rest_england,A,True,272
international rescue committee uk,0.0,london,A,True,1041
sharpist,0.0,london,A,True,1041
seasalt bistro,12.9,rest_england,A,True,747
pam trader,12.9,rest_england,A,True,846
the vietnamese kitchen,0.0,london,A,True,747
onebrother private,12.9,rest_england,A,True,846
edgei tech uk,0.0,london,A,True,1041
jamuna n i limited t a bangla,12.9,rest_england,A,True,1
tilbury education cultural association,12.9,rest_england,A,True,1041
flexicare group,12.9,rest_england,A,True,935
law firm services,12.9,rest_england,A,True,272
sahara accountancy,12.9,rest_england,A,True,935
catford express,0.0,london,A,True,935
gold crown care services,12.9,rest_england,A,True,1041
support 4 u healthcare,12.9,rest_england,A,True,1041
investra capital,0.0,london,A,True,1041
royal united hospital bath nhs trust,12.9,rest_england,A,True,1041
suvai foods uk limited t a suvai foods,0.0,london,A,True,1041
rossi southend on sea,12.9,rest_england,A,True,1
invisible systems,12.9,rest_england,A,True,1041
koala fx,0.0,london,A,True,1041
thomas and adamson,27.8,scotland,A,True,935
viking global investors europe,0.0,london,A,True,1041
air torque uk,12.9,rest_england,A,True,1041
sunnerg,12.9,rest_england,A,True,1041
dukes education group,0.0,london,A,True,1041
j d g foods ltd t a indigo,12.9,rest_england,A,False,294
nortons local,12.9,rest_england,A,True,272
play professors,0.0,london,A,True,1041
walkers professional services uk,0.0,london,A,True,1
best services international freight uk,12.9,rest_england,A,True,935
smartreach marketing,12.9,rest_england,A,True,209
j s convenience stores,12.9,rest_england,A,True,1041
innate telecoms,12.9,rest_england,A,True,1041
brothers halal butchers,0.0,london,A,True,846
healthcare clarity,12.9,rest_england,A,False,726
intraedge,12.9,rest_england,A,True,1041
landmann,12.9,rest_england,A,False,542
exaltit,12.9,rest_england,A,True,1041
als inspection,12.9,rest_england,A,True,1041
movable,0.0,london,A,True,1041
eqonic group,0.0,london,A,True,1041
abodus,0.0,london,A,True,272
phomo,12.9,rest_england,A,False,769
redd intelligence,0.0,london,A,True,1041
the whitsters of chelsea ltd t a lewis wayne,0.0,london,A,True,1041
wts energy uk,12.9,rest_england,A,True,209
jukin media,0.0,london,A,True,1041
a1 installers,12.9,rest_england,A,True,566
chef de la maison,12.9,rest_england,A,True,209
techsapiens,0.0,london,A,True,1041
larchfield group,12.9,rest_england,A,True,846
crh group,0.0,london,A,True,1041
eikon peters technology consulting,12.9,rest_england,A,True,747
bpr architects,0.0,london,A,False,574
lite dine ltd t a cliffe spice,12.9,rest_england,A,False,354
fleet maine garage,12.9,rest_england,A,True,1041
imperial developments and consultancy,0.0,london,A,True,393
tanvi builders,12.9,rest_england,A,True,566
pasha trading services,12.9,rest_england,A,True,846
ha mcparland,12.9,rest_england,A,True,1041
alta advisers,0.0,london,A,True,1041
blaiket mains dairy,12.9,rest_england,A,True,566
kuna holdings,0.0,london,A,True,209
accountancy managers,0.0,london,A,True,1041
actonia,12.9,rest_england,A,True,272
skr law,12.9,rest_england,A,True,566
crestpond,12.9,rest_england,A,True,1041
jana retail,12.9,rest_england,A,True,935
carter grill,12.9,rest_england,A,True,467
bespoke care support services,12.9,rest_england,A,True,1041
royal academy of dance,0.0,london,A,True,1041
densea,12.9,rest_england,A,True,272
c s gilligan ltd t a subway,10.4,wales,A,True,747
axe valley home care,78.9,rest_england,other,True,1041
biz effective uk,0.0,london,A,True,1041
double ark,0.0,london,A,True,1041
eco sourcing hub,12.9,rest_england,A,True,566
sunnyfield veg,0.0,london,A,True,1041
ayu healthcare limited t a carefirst pharmacy,12.9,rest_england,A,True,566
community security trust,0.0,london,A,True,1041
nexus 21 i ltd t as dabeli hut indian street food deli,12.9,rest_england,A,True,1041
alined construction,12.9,rest_england,A,True,1041
al falah business,12.9,rest_england,A,True,747
three rocks,12.9,rest_england,A,True,393
the villa school nursery,0.0,london,A,True,1041
craigton foods limited t a mcdonald s restaurants,27.8,scotland,A,False,832
g m turley,12.9,rest_england,A,False,574
specsavers kilburn hearcare,0.0,london,A,True,272
kvadrat,0.0,london,A,True,1
heidelberg graphic equipment,12.9,rest_england,A,True,1041
sakura sushi and liquors,12.9,rest_england,A,True,1
merative uk,12.9,rest_england,A,True,1041
pullins bakers,12.9,rest_england,A,True,846
ali family caterers ltd t a the merchants of spice,12.9,rest_england,A,True,1041
eden smith consulting,12.9,rest_england,A,True,1041
somar,12.9,rest_england,A,True,1041
r odedra u odedra t a r d store,12.9,rest_england,A,True,272
imperial capital international,0.0,london,A,True,1041
labour connects,12.9,rest_england,A,True,935
permacare limited t a mundy house care home,12.9,rest_england,A,True,566
ortak,12.9,rest_england,A,True,1041
pintura general transport,12.9,rest_england,A,True,467
weekes newsagents t a londis,12.9,rest_england,A,True,1041
ideo llc,0.0,london,A,True,467
stanton surgery,12.9,rest_england,A,True,272
tribuco,0.0,london,A,False,99
massala express,12.9,rest_england,A,True,566
zonemedia management,0.0,london,A,True,566
lockdown bakers,12.9,rest_england,A,True,1041
oxon builders,12.9,rest_england,A,False,832
crocus construction,0.0,london,A,True,935
jade software corporation uk,12.9,rest_england,A,True,1041
allerton c s gl,12.9,rest_england,A,True,747
mcgraw hill education uk,0.0,london,A,True,1041
alfa financial software,0.0,london,A,True,1041
northern hydraulics,12.9,rest_england,A,True,1041
yamin ltd t as the spice room,12.9,rest_england,A,True,1
palm property developments,0.0,london,A,True,1041
ryan tax services uk,0.0,london,A,True,1041
urban spice bistro and tapas,12.9,rest_england,A,True,393
solai services,12.9,rest_england,A,True,1041
trg arts,12.9,rest_england,A,True,1041
prestons consultancy,12.9,rest_england,A,True,1041
allied health south lincolnshire,12.9,rest_england,A,True,566
vanquish hardware protection,12.9,rest_england,A,True,1041
abrahamic care services,12.9,rest_england,A,True,935
joa ima limited trading as two chefs indian restaurant,12.9,rest_england,A,True,846
four gates,12.9,rest_england,A,True,209
daffodil care,12.9,rest_england,A,False,832
zaxgate limited t a zaxgate pharmacy,0.0,london,A,True,1
instrucko,0.0,london,A,True,1041
brilliant food wine,12.9,rest_england,A,True,1041
direct approach care,12.9,rest_england,A,True,467
green frog designs,12.9,rest_england,A,True,846
madani builders merchants,12.9,rest_england,A,True,393
arran healthcare,0.0,london,A,True,1041
tiffin sandwiches,12.9,rest_england,A,True,566
colt group,12.9,rest_england,A,True,1041
oxford instruments nanotechnology tools,12.9,rest_england,A,True,1041
pearlcon business services,12.9,rest_england,A,True,1041
ia aesthetics uk,12.9,rest_england,A,True,566
royaal spice indian takeaway,12.9,rest_england,A,True,846
kavyaa accountancy,12.9,rest_england,A,True,1041
alde care,12.9,rest_england,A,True,1041
maguire care limited t a walfinch reigate horsham,12.9,rest_england,A,True,467
chocoberry cardiff 1,10.4,wales,A,True,935
km traders,12.9,rest_england,A,True,846
around the clock care agency,12.9,rest_england,A,True,1041
haas formula uk,12.9,rest_england,A,True,1041
cnbs products,12.9,rest_england,A,False,574
miyako teppanyaki japanese restaurant,12.9,rest_england,A,True,1041
ais vets,12.9,rest_england,A,True,935
o2h,0.0,london,A,True,1041
vihtra,12.9,rest_england,A,True,566
nonwovenn,12.9,rest_england,A,True,272
asif adeel,27.8,scotland,A,True,566
balloon one,12.9,rest_england,A,True,1041
inventor e,12.9,rest_england,A,True,1041
the spice tree ltd t a de baga,12.9,rest_england,A,True,747
iiisix3 food and wine,12.9,rest_england,A,True,1041
raindance film school,0.0,london,A,True,272
emeria res uk newco,0.0,london,A,True,467
hamza food,0.0,london,A,False,648
marketing max,12.9,rest_england,A,False,574
alexander proudfoot europe,0.0,london,A,True,1041
kingdom education and child care services ltd for treasured kids preschool and afterschool club,0.0,london,A,True,272
effective energy group,12.9,rest_england,A,True,1041
st george s edinburgh,27.8,scotland,A,True,747
askn,12.9,rest_england,A,True,935
henderson drake,12.9,rest_england,A,True,1041
brothers caffe,12.9,rest_england,A,True,1041
north sea pharma,0.0,london,A,True,747
gtg civils,12.9,rest_england,A,True,1041
1st adtube,0.0,london,A,True,846
lucia s kingdom limited t s wafflemeister,12.9,rest_england,A,True,566
pil membranes,12.9,rest_england,A,True,1041
visual meaning,12.9,rest_england,A,True,1041
banqora,0.0,london,A,True,467
mont clare catering limited t a franks pizza subs,27.8,scotland,A,False,121
solutiondot,12.9,rest_england,A,True,1041
it system and services,0.0,london,A,True,747
tsuki global,12.9,rest_england,A,True,1041
c4x discovery,12.9,rest_england,A,True,1041
mm traders london,12.9,rest_england,A,False,357
mmw traders,0.0,london,A,True,747
winks hair and beauty walsall,12.9,rest_england,A,True,1041
fruittybliss,0.0,london,A,False,663
st catherine s surgery,12.9,rest_england,A,True,1
gordon ramsay restaurants,0.0,london,A,True,1041
proctor hobbs,12.9,rest_england,A,True,1041
haris automobiles,12.9,rest_england,A,False,648
restore empathy healthcare,12.9,rest_england,A,False,294
oxford guest house,12.9,rest_england,A,True,747
danaz healthcare ltd trading as pax hill care home,12.9,rest_england,A,True,1041
mobile solutions scotland,27.8,scotland,A,True,935
sapura energy uk,12.9,rest_england,A,True,846
pirc,0.0,london,A,True,1041
sphere fluidics,12.9,rest_england,A,False,648
east coast management,0.0,london,A,True,1041
hb opco ltd t a hartsfield manor,12.9,rest_england,A,True,272
ada hudds,12.9,rest_england,A,True,935
antofy,12.9,rest_england,A,True,272
hsz foods,10.4,wales,A,True,566
aps food ltd t a subway,12.9,rest_england,A,True,1041
carl zeiss,12.9,rest_england,A,True,1041
odin solutions,0.0,london,A,False,195
f a care and support services,12.9,rest_england,A,False,294
space 48,12.9,rest_england,A,True,1041
altavia htt,12.9,rest_england,A,False,369
freej swaileh kuwaiti foods,0.0,london,A,True,747
caskade 2000,0.0,london,A,False,574
boston specsavers hearcare,12.9,rest_england,A,True,272
quick pick grocery,0.0,london,A,True,1041
aafd services,12.9,rest_england,A,True,272
hair and skin medical uk,0.0,london,A,False,354
ars international,12.9,rest_england,A,True,846
times accountants,12.9,rest_england,A,True,1041
the manor surgery,12.9,rest_england,A,True,1041
kandji uk,0.0,london,A,True,1041
cardiff rugby club,10.4,wales,A,True,393
aisle 8,0.0,london,A,True,747
hpi uk holding unlimited,0.0,london,A,True,467
axiomise,0.0,london,A,True,1041
flavors of india,12.9,rest_england,A,True,1041
brightsign technology,0.0,london,A,True,1041
right choice logistics,0.0,london,A,True,935
jlr construction engineering,12.9,rest_england,A,True,1041
ashton thibault group,0.0,london,A,True,1041
amin brothers and,0.0,london,A,False,1
insurtech insights,0.0,london,A,True,1041
prodigenius consulting solutions,0.0,london,A,False,1
atlantis av solutions,12.9,rest_england,A,True,1041
expoplatform,12.9,rest_england,A,True,747
inland and coastal marina systems uk,12.9,rest_england,A,True,1
crunchyroll,0.0,london,A,True,272
appviewx europe,0.0,london,A,True,566
the magic bean,10.4,wales,A,True,1041
steamx services,12.9,rest_england,A,True,935
applied intuition uk,0.0,london,A,True,209
the annan hotel,12.9,rest_england,A,True,935
new pulse marketing,0.0,london,A,True,935
ideal computing co uk,27.8,scotland,A,True,1041
concirrus,0.0,london,A,True,1041
mauer solutions uk,0.0,london,A,True,467
thorpewood medical group,12.9,rest_england,A,True,467
pathfinder park homes,12.9,rest_england,A,True,1041
on purpose careers,0.0,london,A,True,209
resu it solutions,10.4,wales,A,True,935
bluewater law solicitors,12.9,rest_england,A,True,1041
jj cooperation,0.0,london,A,True,846
crest family practice,12.9,rest_england,A,True,1041
qmtj limited t a mill superstore,27.8,scotland,A,True,1
cardiff third sector council c3sc,10.4,wales,A,True,846
infinite lambda,0.0,london,A,True,1041
hermes gb,0.0,london,A,True,1041
aberdeen douglas hotel,27.8,scotland,A,True,1041
ss catering group,12.9,rest_england,A,True,1041
oodles chinese holdings ltd t a oodles of r s house,12.9,rest_england,A,False,832
barton rouge hospitality,12.9,rest_england,A,False,574
alma fruit veg,12.9,rest_england,A,True,1041
sustainable acoustics,12.9,rest_england,A,True,935
aahs3,12.9,rest_england,A,True,566
brown earth technologies uk,0.0,london,A,True,1041
gmcvo,12.9,rest_england,A,True,1041
autonomy capital research,0.0,london,A,True,272
llandarcy park,10.4,wales,A,True,1
bigcommerce uk,0.0,london,A,False,832
sumer accountants ni,14.0,ni,A,True,566
wr york limited ta york estates knightsbridge,0.0,london,A,True,1041
elixirr international,0.0,london,A,True,1041
secure technology solutions,12.9,rest_england,A,True,846
trust electric heating,12.9,rest_england,A,True,393
edc2 limited t a minotti london,0.0,london,A,True,209
lucky 7 stars,12.9,rest_england,A,True,1041
cognidox,12.9,rest_england,A,True,1041
mr parameswaran suregan t a ashbrooke store,12.9,rest_england,A,True,747
bradfield college,12.9,rest_england,A,True,1041
netlight consulting,12.9,rest_england,A,True,209
cambridge eonomic policy associates,0.0,london,A,True,1041
delta gas and power,0.0,london,A,False,89
elite electronic systems,12.9,rest_england,A,True,935
rhodsac community living,12.9,rest_england,A,False,832
t t stores ltd t as highfield stores,12.9,rest_england,A,True,1041
be oom,0.0,london,A,True,1041
p p convenience stores ltd t as premier,12.9,rest_england,A,True,1041
meta hospitality,0.0,london,A,True,1041
creative support,12.9,rest_england,A,True,1041
zycus infotech private,12.9,rest_england,A,True,209
harp80 ltd t a bath tile depot,12.9,rest_england,A,True,747
crossbeam financial services,12.9,rest_england,A,True,272
z k corporate,12.9,rest_england,A,True,1041
tunic co uk,0.0,london,A,True,566
erp experts europe,12.9,rest_england,A,True,846
pitha ghor,0.0,london,A,True,1041
chishti traders,12.9,rest_england,A,True,566
electrical and mechanical cooling,12.9,rest_england,A,True,1
servion it resourcing,0.0,london,A,True,747
great care support,12.9,rest_england,A,True,1041
mizrahi,0.0,london,A,True,747
mb aerospace newton abbot,12.9,rest_england,A,True,1041
wall street burgers,12.9,rest_england,A,False,542
tae power solutions,12.9,rest_england,A,True,935
q c polymer,12.9,rest_england,A,True,1041
rm capital markets,27.8,scotland,A,True,566
lamberts bedford,12.9,rest_england,A,True,1041
chan photographic,0.0,london,A,True,1041
sentinel epos and solutions,12.9,rest_england,A,True,1041
hm2 property solutions,12.9,rest_england,A,True,1041
syntech biofuel,12.9,rest_england,A,True,1041
solace global cyber,12.9,rest_england,A,True,467
e m e pattinson son,12.9,rest_england,A,True,393
rebekah s restoration,0.0,london,A,True,1041
orchard global asset management,0.0,london,A,True,1041
kwik buy,12.9,rest_england,A,True,846
munawar,12.9,rest_england,A,True,935
teneo strategy,0.0,london,A,True,1041
coombefish fleetwood,12.9,rest_england,A,True,1
assheton carter,12.9,rest_england,A,True,935
eurofins food testing uk,12.9,rest_england,A,True,1041
hampstead healthcare,0.0,london,A,True,1
plain concepts uk,12.9,rest_england,A,True,1041
proacc associates,12.9,rest_england,A,True,1041
fmcc enterprise,12.9,rest_england,A,True,846
advantage schools,12.9,rest_england,A,True,1041
sunderland city council,12.9,rest_england,A,False,1
expertica services,0.0,london,A,True,1041
care management solutions,12.9,rest_england,A,True,393
brf foods uk,12.9,rest_england,A,True,566
quest meat,12.9,rest_england,A,True,1041
modern paper,12.9,rest_england,A,True,1041
tees components,12.9,rest_england,A,True,566
thames private,12.9,rest_england,A,True,1
jarvis insolvency,12.9,rest_england,A,True,1041
devanshi london ltd t as aum cash carry,12.9,rest_england,A,True,566
isx financial uk,0.0,london,A,True,1041
madhuliya retail ltd t a nisa local,12.9,rest_england,A,True,1041
get spicy limited t a the tamil crown,0.0,london,A,True,747
latymer all saints ce primary school,0.0,london,A,True,1041
plasser uk,0.0,london,A,True,1041
atlabs infotech,12.9,rest_england,A,True,1041
the urbaneatery worldwide,0.0,london,A,True,467
eatsleep media,10.4,wales,A,True,1041
tm constructions bolton,12.9,rest_england,A,True,1041
little village nursery school cic,12.9,rest_england,A,True,1
laced europe,12.9,rest_england,A,True,1041
limecrabnewquay,12.9,rest_england,A,True,272
scape design associates,0.0,london,A,True,1041
play mandarin,0.0,london,A,True,935
enoteca vimum,0.0,london,A,True,272
jnf,0.0,london,A,True,1041
fleet service,12.9,rest_england,A,True,935
rosterfy,0.0,london,A,True,1041
cb retail,12.9,rest_england,A,True,1041
pilar corrias,0.0,london,A,True,747
london marathon events,0.0,london,A,True,393
hafod care organisation,12.9,rest_england,A,True,1041
playerslounge esports newco,12.9,rest_england,A,True,1041
woodford house healthcare limited t as woodford house,12.9,rest_england,A,True,935
whelan purcell,0.0,london,A,True,393
barrel industries ltd t a milroy s of soho,0.0,london,A,False,106
tempra health care services,12.9,rest_england,A,False,294
lester and hamilton trading as pandora,0.0,london,A,True,1041
the possibilities lab,12.9,rest_england,A,True,747
st cuthbert mayne,12.9,rest_england,A,True,566
heatherland care ltd t a woodlands care home,12.9,rest_england,A,True,1041
olive tree bar and restaurant,12.9,rest_england,A,False,648
areeba properties,12.9,rest_england,A,False,1
enable international,12.9,rest_england,A,True,1041
london halal group,0.0,london,A,True,1041
mba company consultancy,0.0,london,A,False,538
inhabit europe,0.0,london,A,True,1041
rebuyer,12.9,rest_england,A,True,747
weston store po,12.9,rest_england,A,True,393
global digital express,0.0,london,A,True,1041
london diocesan board for schools,0.0,london,A,True,1041
stanley and stella uk branch,12.9,rest_england,A,True,566
aquagen scotland,12.9,rest_england,A,True,1041
nba foods limited t a heavenly desserts,12.9,rest_england,A,True,1
aayan constructions uk,0.0,london,A,True,1041
counsel ai uk,12.9,rest_england,A,False,195
bau hair design,27.8,scotland,A,True,1041
proton payments,12.9,rest_england,A,True,1041
cherry two ltd t a bistrot pierre,0.0,london,A,True,467
arc engineering,12.9,rest_england,A,True,846
ecotecture ecological design,12.9,rest_england,A,True,1041
merrywood education,12.9,rest_england,A,True,747
nova technolabs,12.9,rest_england,A,True,1041
lotus pharma,12.9,rest_england,A,True,1
dr oetker uk,12.9,rest_england,A,True,1041
evera,0.0,london,A,True,846
jessica food limited t a royal e punjab,12.9,rest_england,A,True,747
broughton lodge,12.9,rest_england,A,True,747
old roundabout store,12.9,rest_england,A,True,935
maruwa europe,12.9,rest_england,A,True,1041
softline solutions,0.0,london,A,False,184
centurion fire safety solutions,12.9,rest_england,A,True,1
garcha transport heathrow,12.9,rest_england,A,True,935
bere peninsula care,12.9,rest_england,A,True,1041
arthur ashe consultants,0.0,london,A,True,1041
east west clearance uk,0.0,london,A,True,747
dr p tsakpo associates,12.9,rest_england,A,False,542
the university of cambridge,78.9,rest_england,other,True,1041
claranet,0.0,london,A,True,1041
evidence to impact,12.9,rest_england,A,True,846
storey,27.8,scotland,A,True,846
the marquis of cornwallis,12.9,rest_england,A,True,1041
a j food stores ltd t a budgens,12.9,rest_england,A,True,1041
the dog and quaile,12.9,rest_england,A,False,574
siam heaven,12.9,rest_england,A,True,747
savitri,0.0,london,A,True,467
nqf ltd t a golden grill,12.9,rest_england,A,True,566
building better enterprise,12.9,rest_england,A,True,935
digital gurus recruitment,0.0,london,A,False,574
pandit ram sahai sangit vidyalaya,12.9,rest_england,A,True,1041
proximo spirits uk,0.0,london,A,True,1041
ultra catering,27.8,scotland,A,True,1041
aba autism education,12.9,rest_england,A,True,1041
rodmatic,12.9,rest_england,A,True,1041
moin builders,0.0,london,A,True,747
o s ali services london,12.9,rest_england,A,True,393
arun theiventhiraraja t a cherry lane store,12.9,rest_england,A,True,1041
knight housing cic,12.9,rest_england,A,True,747
sbs financial software uk,12.9,rest_england,A,True,1
rock venture designs,12.9,rest_england,A,True,935
silver levene,0.0,london,A,True,1041
spur therapeutics,12.9,rest_england,A,True,566
zafiro consultancy,12.9,rest_england,A,False,294
school for ceos,27.8,scotland,A,True,1041
vswitch4u,12.9,rest_england,A,True,467
marine hotel ballycastle,12.9,rest_england,A,True,1041
the calcutta club limited ta calcutta club,12.9,rest_england,A,True,1041
cast software,12.9,rest_england,A,True,1041
denny enterprises int l,12.9,rest_england,A,True,1041
obs hotel,0.0,london,A,True,846
a kilo of spices,12.9,rest_england,A,True,209
za za bazaar,78.9,rest_england,other,True,1041
st werburgh s derby,12.9,rest_england,A,True,1041
mayflower medical group,12.9,rest_england,A,True,1041
infinity care services,0.0,london,A,True,1041
powerplay brands,12.9,rest_england,A,True,846
fl2024 008 uk limited t a prometheus,0.0,london,A,True,1
buraq estates,12.9,rest_england,A,True,1041
horizon sunrise,12.9,rest_england,A,True,566
everest house surgery,12.9,rest_england,A,True,1
positive behvaiour suppport for learning cio,12.9,rest_england,A,False,181
glasgow maritime academy,27.8,scotland,A,True,1041
bournemouth christchurch and poole council,12.9,rest_england,A,True,1041
queen of clubs lifestyle luxury services,0.0,london,A,True,272
bharat shah,12.9,rest_england,A,True,747
pan asia gb,0.0,london,A,True,1041
ashcroft pharma,12.9,rest_england,A,True,935
the vale care home,12.9,rest_england,A,True,1041
open cages advocacy,12.9,rest_england,A,True,209
the natural food,12.9,rest_england,A,True,1041
airey miller surveys,12.9,rest_england,A,True,467
sang thai dorking,12.9,rest_england,A,True,1041
joy smile,27.8,scotland,A,True,467
pour group,12.9,rest_england,A,True,467
lexica health and life sciences consultancy,0.0,london,A,True,1041
endeavour automotive,12.9,rest_england,A,True,566
pharmastop healthcare,12.9,rest_england,A,True,393
c t c h,12.9,rest_england,A,True,1041
footsteps care,12.9,rest_england,A,True,272
a s noodle bar,12.9,rest_england,A,True,747
executive interviews,12.9,rest_england,A,True,1041
cosmonauts,0.0,london,A,True,1041
dale nazzari,0.0,london,A,True,1041
delta 4 services,0.0,london,A,True,1041
club health,0.0,london,A,True,1041
aj singh uk,12.9,rest_england,A,True,1041
utility rov services,12.9,rest_england,A,True,1
design storey,12.9,rest_england,A,True,393
wearisma,0.0,london,A,True,1041
infiniti healthcare,10.4,wales,A,True,467
azalea care,12.9,rest_england,A,True,1041
s z,12.9,rest_england,A,True,1041
eurovia uk,12.9,rest_england,A,False,574
pushti parivar uk,12.9,rest_england,A,True,467
versus law,12.9,rest_england,A,True,1041
ucss,12.9,rest_england,A,True,1041
kashem n i limited t a vujon,12.9,rest_england,A,True,467
bikar aerospace metals,12.9,rest_england,A,True,1041
bangla spice,12.9,rest_england,A,True,846
dr okeahialam partners,12.9,rest_england,A,True,1041
dr bano partner,12.9,rest_england,A,True,467
alan ransome sporting goods group,12.9,rest_england,A,True,467
whiteley village vet centre,12.9,rest_england,A,True,1041
hallmason design,12.9,rest_england,A,True,1041
blue communication,12.9,rest_england,A,True,1041
smart home visits,12.9,rest_england,A,True,566
dial one services,0.0,london,A,True,747
blenheim global,0.0,london,A,True,1
colian uk,12.9,rest_england,A,True,1041
ns convenience store,12.9,rest_england,A,True,747
aflex,12.9,rest_england,A,True,1041
dittolive uk,0.0,london,A,False,184
shk traders,12.9,rest_england,A,True,935
twipes,0.0,london,A,True,1041
mass many,0.0,london,A,True,1041
the conversion,12.9,rest_england,A,True,1
ukinsha services,12.9,rest_england,A,True,1041
phrism solutions,12.9,rest_england,A,True,1041
tennyson monroe solicitors,0.0,london,A,True,1041
trade nation financial uk,0.0,london,A,True,1041
hsa foods,0.0,london,A,True,846
childspeech,12.9,rest_england,A,True,1041
jays news off licence,12.9,rest_england,A,True,209
faithful gould,0.0,london,A,False,106
kin and carta data,27.8,scotland,A,False,726
holley holland,0.0,london,A,True,1041
artis works,0.0,london,A,True,1
ayurveda wellness,0.0,london,A,True,467
pss power enginerring,12.9,rest_england,A,True,467
creative dimensions yorkshire,12.9,rest_england,A,True,1041
cedar tree care home,12.9,rest_england,A,True,209
warrior doors,12.9,rest_england,A,True,747
ijz virdee limited t a swinford pharmacy,12.9,rest_england,A,True,1041
trade fashion uk,0.0,london,A,True,935
sweepr technologies uk branch,27.8,scotland,A,True,846
mkncc global sct,12.9,rest_england,A,True,935
bind media,12.9,rest_england,A,True,1041
landbased limited t a jp pharmacy,0.0,london,A,True,566
jeremy coller foundation,0.0,london,A,True,1041
fleete group,0.0,london,A,True,467
mfv antares,12.9,rest_england,A,True,1041
park lane private,12.9,rest_england,A,True,566
seeracha restaurant,12.9,rest_england,A,True,1041
japanese financial solutions,0.0,london,A,True,1041
dt global international development uk,12.9,rest_england,A,True,1041
sentry,12.9,rest_england,A,True,747
complete choice care services,12.9,rest_england,A,False,832
city facilities management uk,27.8,scotland,A,True,1041
texere publishing,12.9,rest_england,A,True,1041
entire security solutions,12.9,rest_england,A,False,475
transforming support liverpool,12.9,rest_england,A,True,1
vasani international arbitration,0.0,london,A,True,272
creative distribution,12.9,rest_england,A,True,1041
the royal british legion,0.0,london,A,True,1041
london investment immigration education,12.9,rest_england,A,True,1041
the jessop medical practice,12.9,rest_england,A,True,272
auckland discount store,12.9,rest_england,A,True,935
dak dog academy,12.9,rest_england,A,False,538
venus foods,12.9,rest_england,A,True,1041
fomtech ltd floww,0.0,london,A,True,1041
cafe nar ltd t a amber,0.0,london,A,True,1041
harleybo,12.9,rest_england,A,True,1
allesley park medical centre,12.9,rest_england,A,True,1041
goodman masson,0.0,london,A,True,1041
a step beyond,12.9,rest_england,A,True,1041
3f bio,27.8,scotland,A,True,1041
red engineering design,12.9,rest_england,A,True,1041
the mathworks,12.9,rest_england,A,True,1041
little junction,12.9,rest_england,A,True,935
inspire audio visual,12.9,rest_england,A,True,1041
british garden centres woodthorpe hall garden centres,12.9,rest_england,A,True,272
gallium ventures,0.0,london,A,True,1041
hyran technologies,12.9,rest_england,A,True,1
rosslyn house dental practice,12.9,rest_england,A,True,935
faith20 care,12.9,rest_england,A,False,726
uk digital services,12.9,rest_england,A,True,566
bini estates,12.9,rest_england,A,False,99
ekta foods,0.0,london,A,True,846
jd motors derby limited t a jd motors derby,12.9,rest_england,A,True,566
moderncare,12.9,rest_england,A,True,1041
recruit in care,12.9,rest_england,A,True,1041
the care and support group,12.9,rest_england,A,True,393
rs bodytech,12.9,rest_england,A,True,1041
qcmd,27.8,scotland,A,True,1041
rapid medical services uk,0.0,london,A,True,1041
j s local,10.4,wales,A,True,747
infogr8,0.0,london,A,True,1041
rm roundhouse,12.9,rest_england,A,True,846
eyes of rain,12.9,rest_england,A,True,935
bfc constructions ltd t a bfc constructions build and renovation,12.9,rest_england,A,False,832
tb peker,0.0,london,A,True,747
d2 rail and civils,12.9,rest_england,A,False,106
sky high traders,0.0,london,A,True,935
dream food limited t a pilau wala,12.9,rest_england,A,False,475
tanshe,27.8,scotland,A,False,832
kensington hair boutique,0.0,london,A,True,935
nh trading nw,12.9,rest_england,A,True,1041
hestia sl,12.9,rest_england,A,True,1041
hemal limited t a choice food wine,12.9,rest_england,A,False,357
barakah healthcare,12.9,rest_england,A,True,1041
once for all,12.9,rest_england,A,True,1
al rehman butchers,27.8,scotland,A,True,846
asia pacific world holdings,12.9,rest_england,A,True,1041
p and d engineering,12.9,rest_england,A,True,846
powerx technology,0.0,london,A,True,1041
phi lar,12.9,rest_england,A,True,747
crust crumb bakery,12.9,rest_england,A,True,1041
supercharge london,0.0,london,A,True,1041
revaia uk,0.0,london,A,True,566
sweetbridge emea,0.0,london,A,False,1
the beauty of edinburgh,27.8,scotland,A,True,1041
mcr halal meat,12.9,rest_england,A,True,1
wills bros civil engineering,12.9,rest_england,A,True,1041
rotherwood healthcare lynhales hall,12.9,rest_england,A,True,1041
fronius uk,12.9,rest_england,A,True,1041
nationwide care services birmingham central,12.9,rest_england,A,True,1041
esdevium games,12.9,rest_england,A,True,566
cloud analytics solutions,12.9,rest_england,A,False,1
safetech systems,12.9,rest_england,A,True,1041
n p josan sides dalston,0.0,london,A,False,637
uk hospitality,0.0,london,A,True,935
m a stores,12.9,rest_england,A,True,1041
fortune ventures,12.9,rest_england,A,True,935
qnt retail,12.9,rest_england,A,True,747
gedeon richter uk,0.0,london,A,True,1041
planet payroll,12.9,rest_england,A,True,747
alantra corporate portfolio advisors international,0.0,london,A,True,1041
appliancetek london,12.9,rest_england,A,True,272
city spice restaurant,12.9,rest_england,A,True,1041
dka group uk,0.0,london,A,True,393
telm solutions,12.9,rest_england,A,True,566
bayswift ltd trading as chegworth nursing home,12.9,rest_england,A,True,1041
apparel tech uk,0.0,london,A,True,846
catamountain limited t a kebab centre,12.9,rest_england,A,True,935
vulnerable persons interventions,12.9,rest_england,A,False,106
bracebridge tandoori ltd t a zayan tandoori,12.9,rest_england,A,True,747
carepride,12.9,rest_england,A,True,566
asbestech,12.9,rest_england,A,True,566
bakerrisk europe,12.9,rest_england,A,True,1041
dillon supermarket,0.0,london,A,True,393
ckml,12.9,rest_england,A,True,209
designer m e services uk,12.9,rest_england,A,True,1041
gunjon private,0.0,london,A,True,1041
bridge garage texaco service station,12.9,rest_england,A,True,935
merslaugh farm,12.9,rest_england,A,True,846
kastner london,0.0,london,A,True,566
the ellen wilkinson school for girls,0.0,london,A,True,1041
housing dilemmas c i c,12.9,rest_england,A,True,209
riya s internet trading,0.0,london,A,True,1041
daniel wolfson,12.9,rest_england,A,True,1041
rxlogix corporation,12.9,rest_england,A,True,1041
kingsclere training stables,12.9,rest_england,A,True,1041
pacific green technologies uk,0.0,london,A,True,1041
mark berryman design,12.9,rest_england,A,True,747
paolo s italian,12.9,rest_england,A,True,1041
geg care,12.9,rest_england,A,False,726
international school of creative arts,12.9,rest_england,A,True,1041
luton town chai,12.9,rest_england,A,True,935
employment conditions abroad t a eca international,0.0,london,A,True,1041
anime,27.8,scotland,A,True,1041
lyric hotels ltd t a ringwood hall hotel spa,12.9,rest_england,A,True,1041
the riverside public house,12.9,rest_england,A,True,467
x3 consulting,12.9,rest_england,A,True,1041
baaz construction,12.9,rest_england,A,True,566
atlas copco ias uk,12.9,rest_england,A,True,1041
ink associates,0.0,london,A,True,747
kyra medical,12.9,rest_england,A,True,1
millar woodcraft specialist joinery manufacture,12.9,rest_england,A,True,209
the manser practice,0.0,london,A,False,1
care direct uk,0.0,london,A,False,832
e t holdings,12.9,rest_england,A,True,1041
fone station,12.9,rest_england,A,True,566
northampton high school,12.9,rest_england,A,True,1041
star dutch builders,12.9,rest_england,A,False,637
oclc uk,12.9,rest_england,A,True,1041
ocula technologies,0.0,london,A,True,1041
the ceramicists designers and makers,0.0,london,A,True,1
qcl human resources,12.9,rest_england,A,True,272
alcohol cafe,12.9,rest_england,A,True,1
your convenience store ltd t a spar,10.4,wales,A,True,935
arag,12.9,rest_england,A,True,1041
stoneham lane surgery,12.9,rest_england,A,True,272
smurfit kappa uk,12.9,rest_england,A,True,1041
unifresh wholesale,12.9,rest_england,A,True,747
los mochis city,0.0,london,A,True,935
arena tiles and bathrooms,12.9,rest_england,A,True,209
blowplast,12.9,rest_england,A,True,1041
a a property investment luton,12.9,rest_england,A,True,467
shapes day nursery,12.9,rest_england,A,True,566
bounce tennis,0.0,london,A,False,769
efficient food services limited t a boathouse,12.9,rest_england,A,True,272
balmangan farms,12.9,rest_england,A,True,1041
moran s wood components,12.9,rest_england,A,True,1041
bethnal green visionplus limited t a specsavers,0.0,london,A,True,1041
connect travels,12.9,rest_england,A,True,747
european toughened glass manchester,12.9,rest_england,A,True,1041
marketplace platforms,0.0,london,A,True,1041
globalfoundries europe,0.0,london,A,True,209
globale uk,0.0,london,A,True,1041
usman supermarket,0.0,london,A,True,1041
chetwynd store,12.9,rest_england,A,True,846
clubszone cz,12.9,rest_england,A,True,1041
fireaway north west london,12.9,rest_england,A,True,1041
quality food products aberdeen,27.8,scotland,A,True,209
brett martin,12.9,rest_england,A,True,935
cambridge logic,12.9,rest_england,A,True,1041
pele barbers,0.0,london,A,True,846
talbot medical centre,12.9,rest_england,A,True,1041
jouffre,0.0,london,A,True,272
seventy7 group,0.0,london,A,True,747
church road central stores,12.9,rest_england,A,True,935
uge dent,0.0,london,A,True,393
physio relief uk,0.0,london,A,True,1041
rochmills,12.9,rest_england,A,True,1041
graysons properties,12.9,rest_england,A,True,747
omkar traders,12.9,rest_england,A,True,209
kt solicitors,12.9,rest_england,A,True,1041
hillcrest dental practice,10.4,wales,A,True,1041
s r foods scotland limited t a pepe s falkirk,12.9,rest_england,A,True,1041
showroomprive uk,0.0,london,A,True,566
the association of accountancy technicians,0.0,london,A,False,294
company 3 studios uk,0.0,london,A,True,1
new spice pnj,12.9,rest_england,A,True,1041
rkl ventures ltd t a subway,12.9,rest_england,A,True,935
alex uk,12.9,rest_england,A,True,1041
web universe,12.9,rest_england,A,True,747
basilic fly studio uk private,0.0,london,A,True,846
rooted health and social care,12.9,rest_england,A,True,1041
starlight builders,0.0,london,A,False,1
the space between sports,0.0,london,A,True,1
sahota discount store,12.9,rest_england,A,True,393
freemans,12.9,rest_england,A,True,1041
chrysowood trading,12.9,rest_england,A,True,272
kp group london,12.9,rest_england,A,True,747
logos research,0.0,london,A,True,1
gaba media and consultancy services,12.9,rest_england,A,True,935
bright star london,0.0,london,A,False,379
the london meisner,0.0,london,A,True,1041
extrasol,12.9,rest_england,A,True,1041
falmouth visionplus limited t a specsavers,12.9,rest_england,A,True,935
asif khan,0.0,london,A,True,1041
flint uk technology services,12.9,rest_england,A,True,1041
gillbrooke nursing home,14.0,ni,A,False,832
vf uk services,12.9,rest_england,A,True,566
panda capital investment,0.0,london,A,True,1041
westway construction,12.9,rest_england,A,True,1041
cem analytical services,12.9,rest_england,A,True,1041
edge trading,12.9,rest_england,A,True,467
papa dons in keighley,12.9,rest_england,A,True,1041
thea pharmaceuticals,12.9,rest_england,A,True,1041
principal global investors europe,0.0,london,A,True,1041
graphene innovations manchester,12.9,rest_england,A,True,1041
lp aero,12.9,rest_england,A,True,747
katoni engineering,27.8,scotland,A,True,935
full circle wind services uk,27.8,scotland,A,True,747
aaa healthcare agency,12.9,rest_england,A,True,272
dezi,12.9,rest_england,A,True,566
v tiles limited t a the natural stone tile,12.9,rest_england,A,True,935
cloud23 uk it consulting services,12.9,rest_england,A,True,846
magnetic systems technology,12.9,rest_england,A,True,846
mount group practice,12.9,rest_england,A,True,1041
two sigma international,0.0,london,A,True,1041
st christopher homes,0.0,london,A,False,832
investor migrant services,0.0,london,A,False,648
dolphin fish,12.9,rest_england,A,True,935
bcs prime brokerage,0.0,london,A,False,574
cube n i,14.0,ni,A,True,747
fourways leicester,12.9,rest_england,A,True,846
doddington stores t as one stop,12.9,rest_england,A,True,935
nihonbo,12.9,rest_england,A,True,1041
entice facility management,12.9,rest_england,A,True,747
bravesmile tech,0.0,london,A,True,846
chandra foods ltd t a chandra enterprises,0.0,london,A,True,1041
ready care services kent,12.9,rest_england,A,False,648
sr builders,0.0,london,A,True,272
excel primary care,12.9,rest_england,A,True,1041
taxvise management consultants,12.9,rest_england,A,True,747
178 park view,12.9,rest_england,A,True,935
ramzan superstore,12.9,rest_england,A,True,935
scottish football association ltd the,27.8,scotland,A,True,1041
west northamptonshire council,12.9,rest_england,A,True,1041
lmnoh,12.9,rest_england,A,True,1041
dark kb,12.9,rest_england,A,True,935
s v management,12.9,rest_england,A,True,566
kriti construction,12.9,rest_england,A,True,747
london lady,0.0,london,A,True,935
sabre insurance,12.9,rest_england,A,True,846
euraqua uk,12.9,rest_england,A,True,1041
pizzauno shawarma,12.9,rest_england,A,True,1041
white label publishing,0.0,london,A,True,1041
jdc deal sourcer,12.9,rest_england,A,True,1041
paris luxury collection,12.9,rest_england,A,True,1041
eco grants uk,12.9,rest_england,A,True,1041
convenience stores wigan uk limited t a nisa,12.9,rest_england,A,True,1041
cox powertrain,12.9,rest_england,A,True,1041
the block buying,12.9,rest_england,A,True,1041
jashu retail,12.9,rest_england,A,True,846
wings travel management ltd t a wings global travel,0.0,london,A,True,935
idverde,12.9,rest_england,A,True,1041
d l epsom,12.9,rest_england,A,True,747
rq968 ltd chilli kitchen,12.9,rest_england,A,True,935
pit stop,12.9,rest_england,A,True,935
leading edge accountancy solutions,12.9,rest_england,A,True,1
calvatec,27.8,scotland,A,False,832
thai manee,0.0,london,A,False,89
fish face london,0.0,london,A,True,846
hardy signs,12.9,rest_england,A,True,1041
veloremit,12.9,rest_england,A,True,1
a i d builders,12.9,rest_england,A,True,1
noor spcie ltd t a saffron indian restaurent,12.9,rest_england,A,True,566
unity marketing,0.0,london,A,False,106
kaorium,0.0,london,A,True,566
taj merthyr tydfil,10.4,wales,A,True,566
invasix uk,0.0,london,A,True,1041
biggs healthcare,12.9,rest_england,A,False,769
mindi builders,12.9,rest_england,A,True,1041
ktd catering,12.9,rest_england,A,True,747
lumbahini ltd t a earl david shimla dining hotel,12.9,rest_england,A,False,538
the office of the independent adjudicator,12.9,rest_england,A,True,1041
rr asian bar and grill,12.9,rest_england,A,True,1
vox xp limited t a ethan b b,12.9,rest_england,A,True,935
greenhill pigs,12.9,rest_england,A,True,1041
helin cafe,12.9,rest_england,A,True,272
hnm promotions,12.9,rest_england,A,False,663
bywater sfc management ltd t a bywater properties,0.0,london,A,True,393
g ant association,12.9,rest_england,A,True,1041
arrybarry,0.0,london,A,True,1041
tui travel,12.9,rest_england,A,True,1041
right to life uk,0.0,london,A,True,1041
leyton dining club ltd t a shish mahal,0.0,london,A,True,935
q2q communications,12.9,rest_england,A,True,393
zwift uk,0.0,london,A,True,1041
candey,0.0,london,A,True,1041
adam carr builders,12.9,rest_england,A,True,566
london borough of ealing,0.0,london,A,True,1041
shoe boutique,12.9,rest_england,A,True,467
beta distribution south,12.9,rest_england,A,True,1
university of york,12.9,rest_england,A,True,1041
responsible home carers,0.0,london,A,True,1041
rosehill cafe,12.9,rest_england,A,True,935
st clement vets,12.9,rest_england,A,True,272
holland park autos london,12.9,rest_england,A,True,209
littlepay,12.9,rest_england,A,True,1041
mobilynx foods,12.9,rest_england,A,True,747
communisis uk,12.9,rest_england,A,True,1041
d3r,12.9,rest_england,A,True,1041
belgravia concierge consulting,0.0,london,A,True,393
diss dental health centre,12.9,rest_england,A,True,1041
bromsgrove quality homecare,12.9,rest_england,A,True,1
cornwall foods,12.9,rest_england,A,True,1041
digit accountants,12.9,rest_england,A,True,1041
arcc communications,12.9,rest_england,A,False,106
trevibban mill,12.9,rest_england,A,True,1041
spice edin,27.8,scotland,A,True,935
magnum icc uk,0.0,london,A,True,209
tosyand,12.9,rest_england,A,True,566
sh building electrical,12.9,rest_england,A,True,747
walshaw care homes,12.9,rest_england,A,False,832
my lalaland,0.0,london,A,True,1041
qcode software,27.8,scotland,A,False,1
svella connect,12.9,rest_england,A,True,1041
global partners governance practice,0.0,london,A,True,846
excelerate energy europe,0.0,london,A,True,393
y l apparel,12.9,rest_england,A,True,467
eight members club,0.0,london,A,True,1041
n a motors,0.0,london,A,True,393
care and resolve,12.9,rest_england,A,True,1041
protostar group,0.0,london,A,True,1041
staffordshire university,12.9,rest_england,A,False,769
aioli limited trading as pierre victoire,12.9,rest_england,A,True,467
gower accountancy midlands,12.9,rest_england,A,True,566
smokin grill stop limited t a smokin grill stop,0.0,london,A,True,747
community places,12.9,rest_england,A,True,393
united furniture ab,12.9,rest_england,A,True,1041
goldmine global,0.0,london,A,False,832
h b special services,0.0,london,A,True,1
gardline marine sciences,12.9,rest_england,A,True,1041
condor dent,0.0,london,A,True,846
uk postings ltd t a ukp worldwide,12.9,rest_england,A,True,1041
west green surgery,12.9,rest_england,A,True,1041
izmo holdings uk,12.9,rest_england,A,True,566
euros steel,0.0,london,A,True,1041
elixonn healthcare,12.9,rest_england,A,False,468
raj mogul restaurant,12.9,rest_england,A,True,1
charity earnshaw home care agency,12.9,rest_england,A,True,1041
logixal document solutions,0.0,london,A,True,1041
alban academies trust,12.9,rest_england,A,False,294
capital drinks london,0.0,london,A,True,566
wenlin education,0.0,london,A,True,1041
creative synergies consulting,12.9,rest_england,A,True,1041
max healthcare group,12.9,rest_england,A,True,846
printx,12.9,rest_england,A,True,209
switchee,0.0,london,A,True,1041
vichem investment,12.9,rest_england,A,True,747
limat,12.9,rest_england,A,True,846
clas sic wafer fab,12.9,rest_england,A,True,1041
belleza beauty,12.9,rest_england,A,True,1041
shop locally,12.9,rest_england,A,True,1041
alkas supermarket ltd t a roding food wine,12.9,rest_england,A,True,935
f2x group,0.0,london,A,True,846
ellie 77 ltd t a hatti,10.4,wales,A,False,538
plashet zone limited t a hackney furniture,0.0,london,A,True,935
rbn limited t a premier,12.9,rest_england,A,True,747
vandemooretele europe nv uk branch,12.9,rest_england,A,True,1041
paramount care easington,12.9,rest_england,A,True,467
rmw uk,12.9,rest_england,A,True,1041
sofa scene,12.9,rest_england,A,True,209
m j design building,12.9,rest_england,A,True,1041
elegance hair and beauty nw,12.9,rest_england,A,True,272
southover day nursery,0.0,london,A,True,846
esembee associates,12.9,rest_england,A,True,209
speranza resources,0.0,london,A,False,1
tecrea,0.0,london,A,True,1
